pos1,pos2,pos3,pos4,pos5,pos6,pos7,pos8
0.5325483509925659,0.5248963052004374,-0.6613471183807222,0.8368336875233382,-1.9445175064772489,-0.23459726151311688,0.015018743232027353,-0.016487661681450987
0.5328049601756915,0.5275065354057213,-0.6706833850100997,0.837599893467706,-1.944528126614915,-0.23458771215157093,0.01505973945463256,-0.016160261757910625
0.5324822481837552,0.5277372307573334,-0.669479488412029,0.8395250634629701,-1.944298719420317,-0.23458945231713546,0.015059595238024283,-0.016444361756752512
0.5339363537823631,0.5256794012379382,-0.6728302864640581,0.8478392352945816,-1.9439506287380013,-0.23458407551008165,0.013891761139199113,-0.01607768488793329
0.5329260349739604,0.5256708645472754,-0.6679973063098856,0.8420118399119563,-1.9436667435918444,-0.23460710280500763,0.01511199505900495,-0.016890434094831448
0.5323538778145567,0.5257897216013871,-0.6631507746568159,0.8383039769675715,-1.9438531994276786,-0.23461872877288137,0.015040616480092365,-0.01618292884779416
0.532320680313247,0.526246987332109,-0.6640564108814786,0.8364065053567575,-1.94389790510464,-0.23461698584129032,0.01380352266756899,-0.016184829886718835
0.5323926007983113,0.5264706565723527,-0.6649494785916303,0.8367835637901493,-1.9438980912669876,-0.23461233120012004,0.013760687711483002,-0.016228838856480136
0.5304762490050132,0.5229313235476161,-0.6429773314986855,0.833078164970404,-1.942998860155532,-0.23460125839464752,0.014996744179194384,-0.016255305341003667
0.5358542277507228,0.5276628495816373,-0.690578708840131,0.8511816549651536,-1.9454631076026567,-0.23460201986174845,0.015007589159119764,-0.016269185785134217
0.5333166844424673,0.5274371813010923,-0.6755990722481533,0.840103317844024,-1.943435846970031,-0.23460461093721818,0.01345762903473003,-0.01655282527256062
0.5323038836731557,0.525138236737078,-0.6619174923244531,0.8398060562290066,-1.9433836149203145,-0.23462218851194905,0.014205773745742039,-0.015792472991329066
0.5321339039675541,0.5256509982296871,-0.6614224601277687,0.8369737726810405,-1.943835064281437,-0.23462584457224445,0.015037326747787943,-0.01604344289473042
0.5305989761084877,0.5224874949279279,-0.6420616764520224,0.8317398051928313,-1.9429473226938896,-0.23461056018567916,0.015002150370374345,-0.016160523714361517
0.532467245256723,0.5254141535977315,-0.6626806247826744,0.8384243344118039,-1.9446565143476473,-0.23461403677182435,0.015023066331686914,-0.016582184067081812
0.5362859361437193,0.5299501008034442,-0.6996451109108763,0.8510419540610012,-1.9453773203447557,-0.234599070427004,0.015028149308618548,-0.015863638255533736
0.5330236217119273,0.527451900677077,-0.6738286501994981,0.8413602848188821,-1.9431207388829757,-0.23460738491743705,0.015137119878328735,-0.016733502834802114
0.5320080316450531,0.524692685301404,-0.6585859463279808,0.840023222282615,-1.9433318650673286,-0.2346296719393539,0.014212712920563687,-0.015787619302501
0.5304377117353312,0.5216898062721738,-0.638983072628502,0.8317419129244525,-1.9428220486383267,-0.23462187258644907,0.013996427841712492,-0.01595492157998725
0.5325585128358243,0.5248128363850091,-0.6612908170012641,0.8368917461030554,-1.944477262150949,-0.23462039196572704,0.013468546113515554,-0.016505182953073606
0.5328106313099701,0.5274922023408619,-0.6707089295322799,0.8376786208023397,-1.9445062512842703,-0.23461069192120476,0.015052172807063183,-0.016143308781435613
0.5325043398933813,0.5276877634569983,-0.6696006279707571,0.8396464207892791,-1.9442402477286356,-0.23461257424491677,0.013505223000106112,-0.016473620425542772
0.5357533112741377,0.5295416194770803,-0.695253254713502,0.8526154399040813,-1.945054444981956,-0.23461101554687325,0.01398837555572213,-0.0160460667735398
0.5309848488305446,0.5231698620294409,-0.6484591308585435,0.8358706684684272,-1.94198065531757,-0.23461680753743064,0.015082204873453835,-0.01646538409622077
0.5319584968533784,0.5233988220965182,-0.6542205488035258,0.8393813217006407,-1.9439565781329824,-0.2346391137826389,0.015006506072940715,-0.016623185651498278
0.5324770968507275,0.5260691191474214,-0.6644477589824742,0.8355976102775635,-1.9442701305728756,-0.23463388199940116,0.014070719184057272,-0.01591288355742337
0.5325540342539528,0.5268422053122306,-0.6669868037336499,0.836689500830051,-1.944062741468187,-0.23462574443431006,0.015045114599151223,-0.016276515538721406
0.53054102775305,0.5232301452370125,-0.6442966345930223,0.8337111541096451,-1.9430667286141903,-0.23461627555248654,0.015006940484623414,-0.01632996239303618
0.5358748150036998,0.5278253214553734,-0.6913506762163335,0.8517951610668151,-1.9454798405952305,-0.23461953667544577,0.013694917835658894,-0.016318222376316742
0.5333257973365573,0.5275552510510888,-0.6760203925377679,0.8402673802581457,-1.9434372318936521,-0.23462326665700317,0.01345420207963594,-0.01655472296228641
0.5323185574579998,0.5252366503801706,-0.662218106775641,0.8397178664343894,-1.9433975459895914,-0.23464098690265445,0.015074426778985617,-0.01574875677749325
0.532156793200496,0.5257071250310643,-0.6616577453744767,0.8368207036872484,-1.9438222499315163,-0.23464440841157774,0.015041287232313478,-0.016043638844579853
0.5306414880619839,0.522498025804782,-0.6424009106676944,0.831621934097587,-1.9428878704822923,-0.23462907543004263,0.013770550205273588,-0.016177954155965565
0.5325093165257639,0.5253848450885474,-0.6629583352687858,0.8383389551869609,-1.9445676084545527,-0.23463244270623207,0.013349472815149643,-0.01662046472157758
0.5363050327270109,0.5299346688398137,-0.6998018104665951,0.8509731229251027,-1.9453027143684327,-0.23461726622424628,0.01415073054112463,-0.015870658385944456
0.5330427933352766,0.5274472158011099,-0.6738847816858691,0.8413044800603142,-1.943088158239572,-0.23462538531298716,0.015132613220582253,-0.016739803758926905
0.5320120150874565,0.5247021179541882,-0.6586252619149953,0.8399532622506936,-1.9433140599998593,-0.23464753476039757,0.014214615744823056,-0.015786290103710313
0.5304338519217948,0.5217369719322535,-0.6389949949476232,0.8316547604531896,-1.9428478790418229,-0.2346395945881845,0.01499245963561326,-0.015947986653456966
0.5325425832413702,0.5248831040445676,-0.661261289899433,0.8367761296618985,-1.9445320133350776,-0.2346378692452955,0.015021290970407632,-0.016481283944674185
0.532803131538965,0.5274955769974614,-0.6706441858370367,0.8375764398483039,-1.9445292226262216,-0.23462825091808615,0.015058799924674595,-0.016158262901841566
0.5324992479723862,0.5276754326979072,-0.669523305797525,0.8395636057384657,-1.944244763855222,-0.23463010844243026,0.013507679660014388,-0.016470975304504306
0.5357420536188675,0.529566957666801,-0.6951773002344606,0.8525498275105212,-1.9450512130218582,-0.2346283065610324,0.015027587283539458,-0.016024764254251263
0.5310006003819625,0.5231037319029257,-0.6484740737274519,0.835848811767308,-1.9419396497689982,-0.234634396493699,0.013483129405569394,-0.01649367055873293
0.5319585229918085,0.5233906986538468,-0.6542328622257187,0.8394062588760569,-1.9439414392293255,-0.23465659962161123,0.014998546683507724,-0.01663473525359939
0.5324579382107393,0.5261094232912038,-0.664398718116896,0.8355736075620364,-1.9443049959684657,-0.23465131666982053,0.01505125912684277,-0.015895510952034276
0.5325439194072539,0.5268512538667647,-0.6669414455869642,0.8366686964316621,-1.944080718459828,-0.2346433346004435,0.015049846614556574,-0.016283097905198454
0.5305523289782732,0.523179222457494,-0.6442970188325239,0.8337098509689023,-1.9430254521351014,-0.23463399636407534,0.01360671449690725,-0.016339702607163817
0.5358780220495785,0.5278228762456783,-0.691370962575907,0.8518127781185383,-1.9454645076218258,-0.2346371328641217,0.013693416387492954,-0.01631962533148789
0.5332995998522954,0.5276223215243041,-0.6759347818203656,0.8402147934001638,-1.9434927355296727,-0.23464069905122198,0.015135633280420089,-0.016517876437681517
0.5323024359009914,0.525232318440513,-0.6620812940004361,0.8396768915099431,-1.9433898994823462,-0.2346584832647194,0.014168126378094989,-0.015828109121114375
0.5321456137062786,0.5256957977806698,-0.6615514774693674,0.8367771870449836,-1.943816985700539,-0.2346619217431778,0.015037560867634334,-0.016045695013163556
0.5306352684872628,0.5224852797471806,-0.642324373672011,0.8315824706766506,-1.9428863696225225,-0.2346465652113574,0.013774993806768228,-0.016174221406064275
0.5324856097262103,0.5254307578971034,-0.6628247381115502,0.8382724362328355,-1.9446143771046813,-0.23464968206081327,0.01501610513312606,-0.016591356175865223
0.5362889112335232,0.5299543536745235,-0.6996614657856073,0.850890509767817,-1.9453540528464224,-0.2346345949654296,0.015028760287500515,-0.015868894577452414
0.5330237549802703,0.5274486769401978,-0.6738083557383963,0.8412309998023932,-1.943104699455386,-0.23464279483655748,0.01513661890488546,-0.01673901939285106
0.5319963630479307,0.5247245182468001,-0.6585409871727013,0.8398778125179636,-1.9433569063552163,-0.23466494269324034,0.015072082019401054,-0.015773404302701754
0.5304385258598288,0.521695070849284,-0.6389740259779648,0.8316393978684831,-1.9428245599381615,-0.23465708103103466,0.013997610013091251,-0.015954188657067464
0.5325630236530268,0.5248182519908582,-0.6613252634793234,0.8368291275047275,-1.9444739795190236,-0.23465552339024676,0.013467043785775953,-0.016506640754110527
0.5328132360559028,0.5274979137296496,-0.670743112657199,0.8376399326312978,-1.9445003859334262,-0.23464577852546853,0.015051564957896151,-0.01614528919766053
0.5324834586263876,0.5277439902030574,-0.6695376125128423,0.8395851992244463,-1.9442855591721084,-0.23464749541185093,0.01505791571280244,-0.01644849310355826
0.535751896673629,0.5295508726560412,-0.6952575350809269,0.8526068730518102,-1.9450528828964764,-0.2346459998576158,0.013980130097476187,-0.016054106867879815
0.5325881778507231,0.5266771707005082,-0.6687994810542408,0.8406831855429893,-1.942949272454288,-0.23465664099400385,0.015128650124579644,-0.016464237091692497
0.530293760652464,0.5208414886253756,-0.6360550278123558,0.8338506368662948,-1.9423183614783426,-0.2346635137291564,0.014110950390533061,-0.015848829261791323
0.5322429097276489,0.5239239846254327,-0.6567126252320206,0.8363391772311717,-1.9443583484377056,-0.23466817494184333,0.01501647084386009,-0.016277300232579527
0.5327630672193537,0.526787208333765,-0.6682386135520053,0.8360204273857565,-1.9443728442062733,-0.23465491403127903,0.013925242147575156,-0.016055142333853908
0.5307380053606527,0.5235124317914037,-0.646337656808476,0.8339610698483355,-1.943138107301305,-0.2346422431407884,0.015004931332312614,-0.016415143120872736
0.5360181595270062,0.5282278966049923,-0.693301853999694,0.85295519943329,-1.945600527325424,-0.2346460400029411,0.015013550340873583,-0.0163657995047659
0.5332973000918431,0.5278573974960841,-0.6770012672078991,0.8410304568141189,-1.94351118658947,-0.23465228039004238,0.013406654777779713,-0.016599618756763558
0.5323673314540267,0.5252909447940102,-0.6627525712376592,0.8401084698094134,-1.9433923709082634,-0.23467177928043625,0.0142855438201995,-0.015710289129919362
0.5321806177620259,0.5257991303855984,-0.66208073159261,0.8369182504863808,-1.9438117540399187,-0.23467511511015005,0.015040393079065153,-0.016043538808428456
0.5306589842777747,0.5225922475744964,-0.6427764546070938,0.8316336953994732,-1.9428739461284614,-0.23465910316514282,0.013766181825464114,-0.016181470502604395
0.5325268580218294,0.525461405615606,-0.6632809182219725,0.8384268829849626,-1.9445589010447195,-0.2346621203913113,0.013339986922156436,-0.016629775197461647
0.536307685085891,0.5300155007620946,-0.6999719456042302,0.8511339145354384,-1.9453228072221949,-0.234646837240593,0.015021906093829272,-0.01585475434402947
0.5330649099266598,0.5274140365383575,-0.6740369395292012,0.8414419043100567,-1.9430322848870434,-0.2346551406077566,0.013234368349699403,-0.01678284460285462
0.5320238562349466,0.5247468223668541,-0.6588202989878287,0.8400662411769,-1.9433286800552239,-0.23467709023265115,0.015067748873687857,-0.015699336104254648
0.5304412793535196,0.521779143656163,-0.6391422451218141,0.8317505543536097,-1.942859232436585,-0.23466890376351746,0.01499707905525835,-0.015946947616417607
0.5325728511426169,0.524883356135275,-0.661548023920882,0.8369543820093366,-1.9445002460987402,-0.23466724257519456,0.013461183932293652,-0.016512586204369413
0.5328177356064963,0.5275447476911737,-0.6708849810332724,0.8377705137113969,-1.944518010564651,-0.23465740403958435,0.015053166648413694,-0.016144015329856612
0.5325036876848692,0.5277211958700034,-0.6696780125942778,0.8397475711104923,-1.9442494246214848,-0.23465920327582168,0.013507572843434353,-0.016471513834146953
0.5357468431048886,0.5295978909984216,-0.6952622592097448,0.8527485309584808,-1.9450501366315684,-0.23465734018088202,0.015028165404781246,-0.016017019671919992
0.5325773905210518,0.5266855958895142,-0.6686994142881062,0.8407677102529778,-1.9429792619491701,-0.23466811878344007,0.015134635645772679,-0.016460060874087662
0.530287420554826,0.5208406935243115,-0.6359426847378291,0.8339197511600229,-1.9423444615010705,-0.2346750466638392,0.014123925734928561,-0.015836232292641576
0.5322550042930727,0.5238729604730272,-0.6566887948768017,0.8363946692782127,-1.944342408766734,-0.23467984640025374,0.013676792066840571,-0.016302319363865964
0.5327518640771043,0.5268235692561918,-0.6681758586950064,0.836045345435954,-1.94440927976137,-0.23466630760511098,0.015047919616289342,-0.016015281713348865
0.5307574561320667,0.52346801454095,-0.6463778015842472,0.8340339801931957,-1.9431178768441262,-0.2346539073584042,0.013512524415216304,-0.016431216538095865
0.5360394940890165,0.5281790138814371,-0.6933430767720434,0.853001856290458,-1.945562399071365,-0.2346576864887142,0.013626797613439035,-0.016382785317298802
0.5332790508827463,0.5279143957876782,-0.6768828497435226,0.8410260403919168,-1.9435642394324102,-0.23466380937359066,0.0151418951154909,-0.016545567884248342
0.5323411102373923,0.5253109385616828,-0.6624941802762923,0.8400394836118021,-1.943423840070409,-0.23468332831453065,0.014223879709862993,-0.015771079019702542
0.5321682185170626,0.525769344551084,-0.6618234442904951,0.836829904770152,-1.9438281912656805,-0.23468677185284204,0.015039929775916883,-0.0160338174554968
0.5323377594822096,0.5261910248192283,-0.6637363376982757,0.8361534383489637,-1.9438829490214653,-0.2346811112295235,0.01382762708839045,-0.01616323050053196
0.5305201659082446,0.5228218500898159,-0.6427770691542651,0.8325311410271032,-1.9429701508280708,-0.23466653207068955,0.0149975570725839,-0.01621402623503196
0.5359243827454492,0.5275995404886666,-0.6908377605336371,0.8512592733752582,-1.945419090638306,-0.23466514810503014,0.013725688628014456,-0.01629214075686969
0.5333069640418735,0.5273743907826978,-0.675343388371112,0.8403280595398659,-1.9434238489911948,-0.2346680342565577,0.01350465453308844,-0.016506599685225783
0.5322677486588105,0.5251209333130689,-0.6614938317571566,0.8399660790547792,-1.9434475205365338,-0.2346860986958248,0.015072986594554874,-0.01574775188136677
0.5321354471186543,0.5255904914988809,-0.6612273313765691,0.8371050030260552,-1.9438491608317854,-0.2346900306788431,0.013958987402683174,-0.01603195509516469
0.530609108885753,0.5224115548702271,-0.6419088855110529,0.8318821439124076,-1.9429267318933423,-0.23467470828384496,0.013807612115232102,-0.01614048795324078
0.5324894698311979,0.5253399910195142,-0.6627057634760707,0.8385960858851664,-1.9446163988331007,-0.23467823453591752,0.013369027336765288,-0.01660080938682578
0.5327455427746299,0.5277516509195683,-0.6710999854125195,0.8385806789978449,-1.9446002378382232,-0.2346744492844417,0.013783645292802904,-0.016189734417532582
0.5360164100730183,0.5301029902126748,-0.6983543545082487,0.8525324530342573,-1.9450964162955504,-0.23466748871251308,0.015029754799064812,-0.01610986263934419
0.532719163215476,0.5270678556309081,-0.6709109206681632,0.8413721462154395,-1.9429675831155722,-0.2346796211674933,0.013412899471075181,-0.01660843390530149
0.5303441555323092,0.5210942194916415,-0.6371417125513004,0.8344238992479216,-1.942388531420912,-0.23469009215757897,0.015010076616109591,-0.01572863173416658
0.532266008792079,0.5241087927102006,-0.6573492495543292,0.8363593176299222,-1.9443901826786893,-0.23469627612147637,0.015019820850973632,-0.01628864081572905
0.5327695830755825,0.5269641067703246,-0.6686332383068301,0.8357433768409441,-1.9444057452554535,-0.23468261551677472,0.015055694062547156,-0.016044391011011936
0.5325627042074501,0.5274711392338203,-0.6690593316156139,0.8382731463643269,-1.9441812154637255,-0.23467849053295886,0.0150556611185627,-0.016396529327847457
0.5304806081134439,0.5234207486279958,-0.6444330767518442,0.8346247531477298,-1.9431352846288972,-0.23467467885386206,0.01356103383182767,-0.01638155491673869
0.5357916357378896,0.5280944603974458,-0.6915647210841653,0.852185414047085,-1.9455660650327786,-0.23467953709927247,0.01501124534494719,-0.016255237467187704
0.5332954559570107,0.5277892602333187,-0.6764305752620308,0.8400622737487158,-1.943462090242349,-0.23468283279704405,0.013425515217852584,-0.016581791272705745
0.5323227029299504,0.5253277848183453,-0.6625533956983949,0.8395382468214763,-1.943374150566033,-0.23469993308778125,0.014279319071582496,-0.015717556169164128
0.5321272401645301,0.5258245379342767,-0.6618283387496549,0.8366585027476514,-1.9438195311713935,-0.23470298422455738,0.0150394433262592,-0.016049971883681433
0.5305723871824464,0.5225556018346058,-0.6421281381948791,0.8313319489906679,-1.9428858280350223,-0.23468711946414,0.013762623429546124,-0.016183523918640384
0.5359616773723106,0.5275906123448699,-0.6910313564337303,0.8503585965492135,-1.9453286042242794,-0.23468141012599997,0.013741998094660708,-0.016277269073467243
0.5333206469379208,0.5274374023091646,-0.6754964339370302,0.8399782012213395,-1.943402304160161,-0.23468223322493298,0.015130885712565373,-0.016495175308211072
0.5322443715660894,0.5251375160322569,-0.6613680152625365,0.8399202524400957,-1.9434444807480045,-0.23470023698609577,0.015074450456683154,-0.015812171147919097
0.5320990490604451,0.5255961269771392,-0.6609365733089732,0.837074636523738,-1.94389160667963,-0.23470440947361038,0.015042662419337573,-0.016013300066912366
0.530559717813424,0.5223797905744823,-0.6416175026710915,0.8318109352422418,-1.9429309027799073,-0.23468898239514147,0.013811127563625573,-0.016136768747219928
0.5325074323846284,0.5253555429475627,-0.6626146658971726,0.838587070704012,-1.9446654753475894,-0.23469204326582194,0.015018158097555353,-0.01657803689307319
0.5326928950777399,0.5278214309247033,-0.6709724165310904,0.838622253395231,-1.9446866859616954,-0.2346880706648875,0.01506466055006961,-0.01617496299737558
0.5359872487389863,0.5301421111009192,-0.6984741411816779,0.852742628022634,-1.9451141468278852,-0.23468116252218874,0.01503460387357618,-0.016112786286452855
0.5327667665484457,0.5270254680433588,-0.6709405865030487,0.8414902863364491,-1.9429766532656698,-0.2346934909116163,0.013399433351975916,-0.01662012863881136
0.5302924564848412,0.521081803023062,-0.636924952679589,0.8345335588981433,-1.9423832532985204,-0.2347038656718068,0.015008484173332223,-0.01572664572244418
0.5322535990460642,0.5240653824518331,-0.6573929333101276,0.8365497426365396,-1.9443489996794003,-0.23471032748318787,0.013662455669762385,-0.01631441404149605
0.5328315297453656,0.5269017636237452,-0.6687996108012264,0.8359511926151075,-1.9443469215178864,-0.23469671561395078,0.013924915678108322,-0.01605483095293153
0.5325510813766154,0.5274598579279184,-0.6692117957435642,0.8385254315121973,-1.944119887979343,-0.23469260290386984,0.01356961996925389,-0.016412483858799322
0.5304769274131349,0.5234298833111088,-0.6445101129422532,0.834820107386741,-1.9431000793600903,-0.2346887565452631,0.013563904989200471,-0.016379173400771982
0.535807837761987,0.5281078969665574,-0.6916773722471081,0.8523907958982742,-1.9455642610607926,-0.2346936700885749,0.015005219733539446,-0.016255559015631617
0.5332725001764844,0.5278305903551459,-0.6765033399118483,0.8402180154672321,-1.9434626096385088,-0.23469699181939774,0.013420522101010446,-0.01658768944356725
0.5323191348518046,0.5253594320222241,-0.6625555079261449,0.8396244053855044,-1.9434036734680245,-0.2347140842059403,0.015079992474125354,-0.015698222463134053
0.5321239253927583,0.5258225448345071,-0.6617628949028198,0.83673067208235,-1.9438315497834484,-0.23471713444375908,0.015042237113150527,-0.01604375665113819
0.5322771239797595,0.526240891730164,-0.6635384192797886,0.8361020722111192,-1.9439016526325918,-0.23471181282739817,0.013818988365376084,-0.016171956191037826
0.5304221601281265,0.5228141442764951,-0.6421989896410025,0.8323203278291595,-1.9429743719031016,-0.23469698863263044,0.014996743021360791,-0.016219787582813887
0.5358984026050955,0.5277212475996054,-0.6910170816230368,0.8514777179922701,-1.945483577184322,-0.23469522236035179,0.015003117241309993,-0.016267326120890525
0.5332793366936652,0.5274854467921193,-0.675567537244814,0.8403289813325001,-1.943455534571041,-0.2346982617030493,0.013479734750463603,-0.01653188617350416
0.5322366714288407,0.5251832659049143,-0.661579953995802,0.8399726072557643,-1.9434538114809783,-0.2347165647767655,0.015075151866200925,-0.01574124639292245
0.5304308053777795,0.5220856632698148,-0.6402198705834845,0.8323689343757614,-1.942902620627807,-0.23470993655789574,0.014999340114713502,-0.016028214908970138
0.5325122238775544,0.5250945974152099,-0.661915705150979,0.8375299115793542,-1.9445644149788048,-0.23471203229838888,0.01341692106368339,-0.01655352939735346
0.5327848084762028,0.5276830168886573,-0.6711717109467168,0.8378122908464176,-1.944519287879264,-0.2347038643796946,0.013800650402147572,-0.01617375564870735
0.5360538163243973,0.5300556087287065,-0.6987189043735009,0.85252752785446,-1.945053277298479,-0.23469509503411334,0.013895590131527323,-0.016134748157011162
0.5327987279952158,0.5269454210233562,-0.6708874426875031,0.8415644511456977,-1.9429141024408718,-0.23470737449134038,0.013386781849827882,-0.01663602220615532
0.5302725340941716,0.5210654532683234,-0.6368606675697448,0.8346056238956239,-1.9423446894010308,-0.23471796376739373,0.015007069814046746,-0.015734435202900326
0.5322961724416304,0.5240149978064998,-0.657400748732222,0.8365613681601705,-1.944341702016109,-0.23472430510461617,0.013649525718518197,-0.01632812525279005
0.5327954509535591,0.5269397538895157,-0.6687583389472245,0.835974377473164,-1.944383237406532,-0.23471029474987848,0.01504943799606833,-0.016031391462722956
0.532581791592964,0.5274246199178698,-0.6692290412032786,0.838587171047644,-1.9441219401735683,-0.234706184495713,0.013557494161249765,-0.01642485897947518
0.5322582084012666,0.5272745740672091,-0.6666281248075911,0.8395622944687169,-1.944190633944653,-0.23471156415183358,0.015051617370148849,-0.016327792755992308
0.5337426435837704,0.5253783060806594,-0.670804817519123,0.8471179780731344,-1.9439412300716983,-0.23470504162204353,0.014966127103239045,-0.015992049614075347
0.5329513575626583,0.5253373247204118,-0.6670665528899677,0.8414435551841031,-1.9435778126646035,-0.23472575506154758,0.013125261809831285,-0.016877837225891788
0.5323132369141996,0.525675580037368,-0.6626438586508874,0.8381803232176939,-1.9438254149050822,-0.23473580197019128,0.015030292445225881,-0.016137839923273074
0.5322738488560983,0.5262338073845294,-0.6636649762625471,0.8364841128668363,-1.943962128043907,-0.23473399039070664,0.015047803569728752,-0.016158466377609485
0.5305974952668322,0.5228119346658584,-0.6430874370280524,0.8322903757213567,-1.9429774509735687,-0.2347198111367481,0.01500378712216167,-0.01622239109299385
0.5359525185883962,0.5275785226626946,-0.6908489548153867,0.8508079599821512,-1.9453823801641912,-0.23471799881938882,0.013724344451435302,-0.016292155890437077
0.5332967223280436,0.5274026611995302,-0.6755552249027712,0.8401959261748511,-1.9433898173885762,-0.23472033866692232,0.013475009827569544,-0.016535755678667333
0.5323176309184072,0.5250885271790278,-0.6617121056252522,0.8399016869549305,-1.9434047806537071,-0.23473844994885784,0.015070063438413715,-0.015774727161578635
0.5321613348873688,0.5255457764684355,-0.661291752443999,0.8370589523308434,-1.9438112990570673,-0.23474259685845755,0.013943919830360581,-0.01604706787300402
0.530644341714611,0.5224033448194056,-0.6421602225138585,0.8318517445475964,-1.9429000587647511,-0.23472740547551307,0.01380056783935425,-0.016148549051639264
0.532504140887661,0.5253781315099237,-0.6628172143904028,0.8385016169812429,-1.9446300220812285,-0.2347305203333203,0.015017560848141872,-0.016585543316996215
0.5327458055832031,0.5277634835910048,-0.6710712861168737,0.8384934666781696,-1.9446374822880719,-0.23472664031792245,0.015063328318587903,-0.016194215816296407
0.5360255832315799,0.5300106313051014,-0.6982514196896368,0.8524131010414262,-1.9450584916983766,-0.23472008781544584,0.01388885988025678,-0.01613943067335023
0.5327367811260357,0.5270118207545726,-0.6709198724981764,0.8413576310580169,-1.9429409060163847,-0.2347319693828167,0.013393395953077751,-0.016627360305386106
0.5303654233619559,0.5210743055279972,-0.6372740262733112,0.8344765637927178,-1.9423693001228894,-0.23474223138734995,0.015007428863851362,-0.015748807425555983
0.5322845160110381,0.5240899921508513,-0.6574645626518123,0.8364602954325031,-1.9443763534262466,-0.23474839353940258,0.015017369608448232,-0.016299652415688447
0.5327823610802334,0.5269412559998496,-0.6687048075121513,0.835861953313465,-1.9443938733563169,-0.23473482336291784,0.015054362464348329,-0.016053023974165616
0.5325745593013274,0.5274432947483678,-0.6690967907606886,0.8383840162181357,-1.9441693618937608,-0.23473075961250078,0.015054111437600395,-0.016403807138663032
0.5322820965501336,0.527207238432557,-0.6666533980706824,0.8393901402244266,-1.944156128635976,-0.23473631627269942,0.013617511968280076,-0.016365557975387437
0.5337489851669472,0.525364451388838,-0.6708485710241252,0.8469105281477454,-1.943915677485224,-0.2347296723228416,0.014958927426090517,-0.01599004326191803
0.5329383992023891,0.525405881743743,-0.6670579879446921,0.8412578422987131,-1.943631756238589,-0.2347498815431619,0.015111307212453993,-0.01684468280665357
0.5323323407069802,0.5256356623213652,-0.662721287822527,0.8380979704388558,-1.9438001966165537,-0.23476014272289358,0.013798089320935,-0.01618941954233318
0.5322964717137371,0.5261716244706482,-0.6637430989023185,0.8364515967998489,-1.9439021503277836,-0.2347584595930048,0.013806875010169722,-0.016182144336708906
0.5306187705274965,0.5227937717085096,-0.643156912273513,0.8322485186773729,-1.9429479344204506,-0.23474418433730904,0.014996993620962205,-0.016222739156416206
0.5359218431519803,0.5275894832116315,-0.6908515426535295,0.8507524330216949,-1.945374185897398,-0.23474242259647138,0.013719652603435164,-0.016296824411997902
0.5333061712728089,0.5274383195052721,-0.675526842138833,0.8401054068428744,-1.943435445826383,-0.23474459422880223,0.015132200139639045,-0.016507251338844717
0.5322874823796564,0.5251222054396116,-0.6616059599687567,0.8398295341283726,-1.9434290468685642,-0.23476267320812738,0.015073215521117348,-0.015836350791631426
0.5321360724482691,0.5255738176185529,-0.6611554402738875,0.8369841760169594,-1.94385081490356,-0.2347667679075336,0.015041432718625965,-0.016031212433732928
0.5306284350965411,0.5224293279716026,-0.6420496816795804,0.8317791887125194,-1.942949092915013,-0.2347515365142785,0.015002034222547346,-0.01614337144438904
0.5325188548397017,0.5253084155673395,-0.6628278678510995,0.8384987450097698,-1.9445953979943864,-0.23475500223128165,0.013363587998084944,-0.01660593697181155
0.5327582027670115,0.527749561817811,-0.6711416259166221,0.8385218267602266,-1.944610918819225,-0.23475095838767857,0.015055733889995388,-0.01618151704656992
0.536019095034268,0.5300528363491983,-0.6983031942345672,0.8524279531234367,-1.9450790944175864,-0.23474423098488106,0.01503317112853974,-0.016129484953717663
0.5327180163767604,0.5270987504109081,-0.670969394105704,0.8413575425066515,-1.9430129218690517,-0.23475601328959517,0.015137013823480861,-0.016599955726973915
0.530355075877516,0.5210861978761239,-0.6372446357809132,0.834492524633518,-1.9423904418597502,-0.23476639230166807,0.015013775786203845,-0.01579526967795556
0.5322800202804725,0.5240717839752493,-0.6574010213450965,0.8365060957281454,-1.9443745606906893,-0.2347726355990174,0.015016544010441763,-0.01629590639041071
0.532783344111559,0.526922549940334,-0.668682071123607,0.8359140925651642,-1.9443872861626659,-0.23475906198243202,0.015053567654515133,-0.016053502485387627
0.532598489869148,0.5273795522631621,-0.6691930844910772,0.8384840075145865,-1.9441123164969678,-0.2347551202338245,0.013548645258261625,-0.01643284259687488
0.530502881229383,0.5233943806757315,-0.6446046029667345,0.8348456988560944,-1.9430999078509146,-0.23475123898828354,0.013560287421331814,-0.01638292757208419
0.5358137298424142,0.5280404401656247,-0.6917253291933836,0.8523748152857857,-1.9455129418957577,-0.2347562956548428,0.013730595114521692,-0.0162801714366011
0.5333214658532386,0.5277853366255476,-0.6766694308568848,0.840315474944668,-1.943433787239523,-0.23475951147842178,0.013410256760880078,-0.016597168199301814
0.5323461935984541,0.5253262273393204,-0.6627703489725025,0.8397779645805654,-1.9433538376953035,-0.23477656816922998,0.014266727516117279,-0.01573039680798487
0.532156677167599,0.525766532542014,-0.6619761818796199,0.8369025671635066,-1.943768686319352,-0.2347797892955148,0.013914933956948882,-0.016075533518835027
0.5322971950328057,0.5262134252806208,-0.6636490994108062,0.8362423966995243,-1.9438730732067926,-0.23477449525839855,0.013810972295329713,-0.01618036936814006
0.5304631385855716,0.5227639114204097,-0.642440350211201,0.8324883020040783,-1.9429233139722646,-0.2347599700180023,0.013705445855336843,-0.016240308135223716
0.5359022301127174,0.5276914046050631,-0.6909874795166182,0.8514896500180811,-1.9454548374030605,-0.23475814195783595,0.01500560183873053,-0.016273993737713495
0.5332717633317854,0.5275238621073157,-0.67551795898218,0.8403631198691981,-1.9435040989152093,-0.23476096008075498,0.015137142187771756,-0.016504958226753092
0.5322291297724986,0.525196196874198,-0.6615004977301506,0.8399947642908296,-1.943480328354977,-0.2347791967359809,0.015077615210469762,-0.015808574693405453
0.5320850760545666,0.5256587240966786,-0.6610859855106934,0.8370827410690023,-1.9438975155894163,-0.2347830530227144,0.01504291820451384,-0.016018437039330403
0.5305608347052306,0.5224068826503085,-0.6416568878251114,0.831809660649494,-1.9429341566180183,-0.23476756380354136,0.013792313546762022,-0.01615566523903991
0.5324579320172669,0.5253447969972331,-0.6625486745949658,0.8386100757653061,-1.9446251262525136,-0.23477111483609203,0.013368694121070376,-0.016600646369448836
0.536303033030066,0.5299678011813764,-0.6999110681139431,0.851390432301228,-1.945352526182436,-0.2347557843215453,0.014162252147010633,-0.01585879703808444
0.5330274841366442,0.5274791766192832,-0.6738960543911796,0.8415728295849236,-1.9431238599160388,-0.23476438961766988,0.01513445459020106,-0.016720755372701582
0.5304152295162794,0.5213420212880671,-0.6386482215118132,0.8355263543497733,-1.9424449752203037,-0.23477720773006716,0.015022870086925516,-0.015758761563273365
0.5322921304019133,0.5242195135869201,-0.6582143221087753,0.8373624057789213,-1.944400289076385,-0.23478710550031323,0.013622361768328577,-0.016352221389299426
0.5328469084311962,0.527034643996271,-0.6692427006793773,0.8362335393616629,-1.9444049216073713,-0.23477467213402825,0.015051391886841566,-0.016045715775575075
0.5325880712607702,0.5275234728026081,-0.6696138750392402,0.8385976457436701,-1.9441237197232608,-0.2347704315050434,0.013552750178005248,-0.016428413127086886
0.5322869283943188,0.5273282508895472,-0.6669904681747614,0.8395334238692547,-1.9441573531793521,-0.23477538865446412,0.015050964509641582,-0.01634096316847159
0.5338073921203126,0.5253858521553623,-0.6710443936926094,0.8470394787023503,-1.9439272800185137,-0.23476887693439163,0.01496599554385139,-0.015997112439458207
0.5329298701807339,0.5254024910225779,-0.6672746517952195,0.8414518278706362,-1.9435712777264182,-0.2347891954734136,0.013122003948227118,-0.016880449449399162
0.5323534435983781,0.5256852855195246,-0.662873597737919,0.838209301640128,-1.9438117526886458,-0.23479905710740834,0.015029412216640062,-0.016150687609444832
0.5322884284164813,0.5262410432213604,-0.6637931649771192,0.836541408094134,-1.9439522746451443,-0.23479713714157846,0.01504683219274125,-0.016165414112169582
0.53235244068631,0.5264557192031081,-0.6647266131885123,0.8369600848802596,-1.9439357389485146,-0.23479306182929882,0.013759708925793951,-0.016230078808504113
0.5304806422627202,0.5228699635469978,-0.6426731680481605,0.8331950162887694,-1.9430282115247302,-0.2347823387898904,0.014997359179712448,-0.016249318013255895
0.5358193337306005,0.5276721028623603,-0.6904700143070217,0.8513582458616238,-1.9454907483466126,-0.2347830806703639,0.015003138229481657,-0.016258873855286987
0.5332697286719146,0.5275075709505108,-0.675467631684687,0.8401525098000802,-1.9435146556245515,-0.23478569242609293,0.01513659980427608,-0.016501651173559072
0.5322825486697145,0.5251548053378086,-0.6617300439283254,0.8398326408818404,-1.9434203726706754,-0.23480346657971207,0.014149278025278201,-0.0158474663248305
0.5321256054628787,0.5255963264152408,-0.6612729710930099,0.8370096982875914,-1.9438203677652606,-0.2348074296217435,0.013939120852407274,-0.016052078400509564
0.5306037338077871,0.52241257333755,-0.6419723271101612,0.8317704491796842,-1.9429020899426241,-0.23479225850286678,0.013785245077552506,-0.016163838127771057
0.5324793354398398,0.525325503828344,-0.6626283816737217,0.8384466742647092,-1.94459016397301,-0.2347958858622965,0.013362648832407363,-0.016607430422866033
0.5362858856864188,0.5299317032166071,-0.6996118468597334,0.8510333602652729,-1.9453500329194648,-0.23478078277519732,0.015021827794844823,-0.01585311746168422
0.5330534800194231,0.5273885485689345,-0.6739655309790518,0.8414227334402584,-1.9430489238986297,-0.234789274829434,0.013246559707974611,-0.01676986960443355
0.5304717323870181,0.5213412220796299,-0.6390583902951841,0.8354739986127333,-1.9424104311268575,-0.23480187423618215,0.015016341734980563,-0.015715951469915515
0.532319870142735,0.5242460131086872,-0.6585124633372459,0.8373266424475068,-1.9443780696863442,-0.23481167402221903,0.013608728483208953,-0.016366304248668626
0.5328656752134036,0.5270458369867139,-0.669405039079896,0.8362101751797617,-1.9443904348626528,-0.23479934657469936,0.015051441834856492,-0.016058662813998682
0.5325999056732309,0.5275245787991514,-0.6697004819763883,0.8385599839380298,-1.9441128206746034,-0.23479516146819002,0.013546548993008146,-0.016435109176702413
0.5323158907118009,0.5272728537114588,-0.6671168388558373,0.8395217152328271,-1.944100644233366,-0.23480025118322168,0.013612807690891598,-0.016370795315019754
0.5338181095742405,0.5253747107986255,-0.6710859854425859,0.8469757736464425,-1.9438987514211483,-0.2347936392326,0.01495954182156482,-0.015988282566283853
0.5329128377220114,0.5254644999172422,-0.6671986849769436,0.8413499939917406,-1.9436258502380444,-0.23481355703046436,0.015110769655238679,-0.016855420519442332
0.5323523540096309,0.525677188706446,-0.6627997067592055,0.8381371719361033,-1.9438336628103352,-0.23482355768046492,0.015038472023046208,-0.016174019312755247
0.5323075900854333,0.5261755213932293,-0.6637867398954267,0.8365135629571858,-1.943913294888957,-0.23482179155173366,0.013807523660798435,-0.01618182791074559
0.5323446741473434,0.5264742568079273,-0.6646500538033013,0.8368984185389676,-1.9439594009462908,-0.23481742994396004,0.015041862369628366,-0.016200128536403468
0.5305028971889065,0.5228166164975327,-0.6427314670356097,0.8331918090381345,-1.942996971555642,-0.23480691976503199,0.013678676205527786,-0.016269399908726247
0.5358253449090844,0.5276505790910182,-0.6904423932180999,0.8513209184482147,-1.9454724954033056,-0.23480753810246302,0.014997672503473204,-0.016260829815379643
0.5332737393991183,0.5274979938677724,-0.6754620615248799,0.8401417107323468,-1.94351027748454,-0.23481013014785557,0.015135655851574491,-0.016504808798530127
0.5322843787492557,0.5251479626378028,-0.6617148369555172,0.8398213511888883,-1.9434191517047532,-0.23482792368439132,0.014147595229135692,-0.01584916684474114
0.5321157539488821,0.5256319484740919,-0.6612309124536582,0.8369781102918123,-1.9438545625345682,-0.23483179969856938,0.015037688722402937,-0.016036381288290845
0.5306091790821013,0.5224206961557023,-0.6420049687726221,0.8317629918376879,-1.9429162388110885,-0.23481675134210445,0.01378424583459283,-0.016165192480622627
0.5324855011975052,0.5253270321062207,-0.6626632150060177,0.8384408860371719,-1.9445927441513753,-0.23482039884243644,0.013363288101567181,-0.016606771839129
0.5362880217869579,0.5299263797231273,-0.6996028951158495,0.8510073368593281,-1.9453483146205777,-0.23480533594889952,0.0150215247519981,-0.0158516883874688
0.5330559058754405,0.5273833979908957,-0.6739621757333518,0.8414114243935034,-1.9430474140349183,-0.23481379889483822,0.013244463749761159,-0.016771521811523568
0.5320380629814752,0.524694053841138,-0.6588387660423702,0.8400702530483821,-1.9433074185365973,-0.23483612931168896,0.0142730187287092,-0.015728392246460624
0.5304493280667044,0.5217734800929295,-0.6392359309990221,0.8317512580138482,-1.9428494074487475,-0.2348283046892332,0.014993978733235396,-0.015956464997339877
0.532567979969869,0.5248596524506874,-0.661467316781656,0.8368681097617765,-1.9444857234037718,-0.23482691045457216,0.013465316670947865,-0.016508519638001744
0.532833442978716,0.5274725763865087,-0.67086425305465,0.8376774531520486,-1.9444677716647512,-0.23481738958851572,0.013807271339066337,-0.016169418855774113
0.532514565146891,0.5276967589347832,-0.6696925131928628,0.8396238396064248,-1.9442242141744925,-0.23481914397478398,0.013513611097449817,-0.016465949017996445
0.5339318388552359,0.5257255187335348,-0.672877367489126,0.8478759939657028,-1.9439544369629864,-0.23481356552296706,0.014962502326038343,-0.016062552821029825
0.5329246688636387,0.5256920566333747,-0.6680378637305182,0.8420143888477183,-1.9436749978544041,-0.23483666839692408,0.01511450994738843,-0.016895083159920356
0.5323538121241773,0.5257983105856114,-0.6631541325360537,0.8382905725864296,-1.9438560723628555,-0.2348482949853592,0.015041330794827498,-0.0161818863074885
0.532305265961659,0.5262917449515037,-0.663984002181742,0.8363495650331485,-1.9439412913615053,-0.2348463877105038,0.015047941294775026,-0.016161949447633616
0.5323913719827038,0.5264743453799872,-0.6649122063861697,0.8367355913961374,-1.943914856191924,-0.23484176024648384,0.01375530322926349,-0.016234328864958108
0.5304792208437412,0.5229286335071874,-0.6429617673936532,0.8330453187929932,-1.9430051067955931,-0.23483065653692492,0.014996936866512312,-0.01625145917038097
0.5358578978111135,0.5276597681881725,-0.6905715342642313,0.8511488295728782,-1.945464117547429,-0.2348313534616313,0.015001085831003208,-0.01626827401869701
0.5332917023085857,0.527493518353447,-0.6754901019146722,0.8400311807917102,-1.943499928327289,-0.2348337834140679,0.015136191044693124,-0.01651326486842665
0.5322794980696086,0.5251586850790018,-0.6617409435951895,0.839739607769241,-1.9434119562142538,-0.2348513461466517,0.014146754556533473,-0.015850144144819264
0.5321227136145952,0.5256310747489508,-0.6612590810371675,0.8369269939637576,-1.9438452429664537,-0.23485506854378713,0.015036963826093742,-0.016040411046495076
0.5306089158090206,0.5224184294381855,-0.6420021529952056,0.8317356349361802,-1.9429098883039755,-0.2348399180531846,0.013783284465951229,-0.01616578586810552
0.532489948887144,0.5253327128763043,-0.6627142893079592,0.838449304178587,-1.9445918053275992,-0.2348435197470966,0.013358307339620474,-0.016611696466737984
0.536298343937923,0.5299115979912052,-0.6997124951665876,0.8510617958200388,-1.94532147120509,-0.23482849814512097,0.014157301944283662,-0.0158635725928968
0.5330391786244499,0.5274368551282134,-0.6738484564862954,0.8413859382227953,-1.9431024741864213,-0.234836782845826,0.015132755782830345,-0.016735644928075086
0.5320054411827959,0.5246910539673069,-0.6585640454846002,0.8400192548665979,-1.9433233394283125,-0.2348591362225152,0.014213685744728852,-0.015786921068811858
0.5304456051257915,0.5216920246300356,-0.6390121669032061,0.831724800442367,-1.9428222179605736,-0.2348514537431825,0.013998122923669639,-0.015953787290537442
0.5325440150988721,0.5248643450181465,-0.6612197354708318,0.8367992175781049,-1.9445177235915168,-0.2348497043791049,0.015015551956056618,-0.016483543467939666
0.5328041136282957,0.5274831491497967,-0.6706136102914133,0.837576868332313,-1.9445257993889609,-0.23484011861238852,0.015058459975207477,-0.016157694820285364
0.5325016573637376,0.5276654152000511,-0.6695042114966654,0.8395516243816985,-1.94424411060991,-0.23484201452849618,0.0135086656050129,-0.016470165838246852
0.5357390573270768,0.5295545014542888,-0.6951155400261211,0.8524897964772764,-1.9450513333861066,-0.23484031500019142,0.01502757671702239,-0.016025409243047035
0.5310075041570697,0.5231062463274112,-0.6485106724352327,0.8358288986797948,-1.9419429285156173,-0.23484559166379704,0.013484377796805527,-0.0164926426030264
0.5319611300359339,0.5233903352397054,-0.6542353434690691,0.8393769629630956,-1.9439421072775023,-0.23486773241275394,0.014998096291803733,-0.016629072149140986
0.5324740168173898,0.5260686014093325,-0.6644382827224211,0.8355663035918823,-1.9442705832492386,-0.2348625433137297,0.01406874527821381,-0.015915212205397523
0.5325487719260318,0.5268412702092791,-0.666954724671613,0.8366495603199802,-1.944066152264508,-0.2348544810533877,0.01504508029606269,-0.016276727519567415
0.5305374440447954,0.5232286775828952,-0.6442651775194896,0.8336601912907993,-1.9430700390477433,-0.2348450250398333,0.015006939644479883,-0.016328570868553754
0.5358727118581728,0.5278251167340686,-0.691329954954016,0.8517447316640183,-1.9454822462558035,-0.23484833305454167,0.013695562359343277,-0.016317527522417
0.5333234114258874,0.5275552928840481,-0.6759980905882426,0.8402156919137571,-1.943438580988059,-0.23485205386980645,0.013454974402825306,-0.016554199739610517
0.532316075755582,0.525236415884569,-0.6621928471300595,0.8396680470518874,-1.943398213739937,-0.23486977084616,0.015074332035011183,-0.01574860516190975
0.532173775712959,0.5256734022576648,-0.661738546317614,0.8368123974168924,-1.9437836104976434,-0.2348733145860642,0.013924757333272041,-0.01606597503266073
0.5306453950324519,0.5225013047663696,-0.6424453012357487,0.8316102464744795,-1.9428727487307373,-0.23485789677048619,0.013775003890855946,-0.016173711380884897
0.532510495258971,0.5253938931633497,-0.6629933207176615,0.8383210935506487,-1.9445633190224587,-0.2348612819362481,0.013346533544324411,-0.016623703442150015
0.536303504136443,0.529939473107496,-0.6997972922171618,0.8509424374727175,-1.9453011414284864,-0.2348461493902061,0.01415175470931345,-0.01586974279991394
0.5330667487732903,0.527379139610674,-0.6739592778140864,0.8413187243267171,-1.9430199116834537,-0.23485444806925493,0.013236934654326439,-0.016780686748526785
0.5320327611636575,0.5246968010958186,-0.6587937979790288,0.839968797399921,-1.9432891675082953,-0.23487653996370916,0.01427544278648572,-0.015726754939710316
0.5304486085615769,0.5217682927036753,-0.639182118592319,0.8316586485821214,-1.9428395510072676,-0.23486852687890902,0.014993711558718967,-0.015954577876720215
0.5325710967757091,0.5248714037128979,-0.6615107150997552,0.836820048617855,-1.9444846819111357,-0.23486699312831227,0.013462445537923709,-0.016511561355861324
0.5328173520847246,0.5275284466938688,-0.670833123930807,0.8376202819136411,-1.9445055751204396,-0.2348572425161466,0.015053110765203812,-0.016146883264729642
0.5324856976648169,0.5277586422724294,-0.6695642004714344,0.8395497669419525,-1.944289349717213,-0.2348589222259232,0.01505904083039866,-0.016446849401436356
0.5357517635058278,0.5295522012351359,-0.6952091160225535,0.8525492142943358,-1.9450524959699633,-0.23485737597239797,0.013986787173139652,-0.016048271697083245
0.5325843405990947,0.5266698645483991,-0.6686975081860878,0.8406133867365835,-1.942954530801149,-0.23486798282583532,0.015129187966369733,-0.016459122236663237
0.5302950562023101,0.5208409931601912,-0.635996660820096,0.8337877515895169,-1.9423280175282294,-0.23487482185075859,0.014116034487678359,-0.015843746388334086
0.5322608852257993,0.5238753882177267,-0.6567409335738281,0.8362902172640663,-1.944327455780087,-0.23487963444338344,0.013679666244656013,-0.016299209002134957
0.5327693926347399,0.5267844995335667,-0.6682616878942502,0.8359804269063122,-1.94436008512431,-0.23486626238322827,0.013940851959317456,-0.016039829695089346
0.530765641715992,0.5234656943106488,-0.6464429269162952,0.8339654310226905,-1.9430938377825768,-0.23485379707379472,0.013516524214270909,-0.01642722734830388
0.5360230837549356,0.5282217157039515,-0.6932807711973368,0.8528929154279234,-1.9455809151748351,-0.23485744165366285,0.015007729982993826,-0.01636629807625703
0.5332952541786131,0.5278553511881583,-0.6769315040820381,0.8409670869369155,-1.94351006594529,-0.2348637086284011,0.01341075014048781,-0.016596531666812755
0.5323641004929751,0.5252870665387643,-0.6626583461009101,0.8400143695738151,-1.9433958383407832,-0.23488323727697846,0.014293124089512523,-0.015703395766181752
0.5321933786404651,0.525751120639713,-0.6620444831723464,0.8368321811263293,-1.9437789777282415,-0.23488672416070955,0.013933018870719818,-0.01605709103331838
0.5323277837915148,0.5262611781358126,-0.6638179656887377,0.8361197245383298,-1.9439014572918145,-0.234880804871608,0.015044119383995816,-0.016144868362981
0.5305324467164318,0.5228028133439011,-0.6428674112394432,0.832511248696199,-1.9429358760253503,-0.23486640320281182,0.013709397461474267,-0.016237993529544588
0.5359143175593184,0.5276510812152653,-0.6908347700055391,0.851250334768431,-1.945435507470691,-0.2348647741386385,0.015005516053259893,-0.016277251933334277
0.5332981702631683,0.527391553914657,-0.6753248662255977,0.8402815190419943,-1.9434342430593219,-0.2348676575853812,0.013497536903713511,-0.016514317464928034
0.5322732602479645,0.5250967107238758,-0.6615105286408056,0.8399552878210628,-1.9434187929111921,-0.23488576014277385,0.014235273211000385,-0.015763236070351478
0.5304846128184666,0.5220645773142198,-0.6404163018323192,0.8324567609687517,-1.9428997207069427,-0.23487929898005078,0.01499626426401781,-0.01601872293126467
0.5325480504090416,0.5250576662054716,-0.661996267609906,0.8375155879430913,-1.9445557476268203,-0.2348813295399701,0.013421001923238113,-0.016550525018488357
0.5327945126492422,0.5276637890533982,-0.6710796220340214,0.8377789034834153,-1.944549164568702,-0.23487309615016105,0.015056158078094701,-0.016142511604115787
0.5325012268785967,0.5278055789479357,-0.6698532284096821,0.8394851681280757,-1.9442432667841558,-0.23487488466107553,0.013507752496204065,-0.016470688657446685
0.5357545128713435,0.5296156793658451,-0.6953690804199795,0.8524367990288155,-1.9450557642579929,-0.234873095279597,0.014002353063007482,-0.01603229734781203
0.5326028617110259,0.5266477271394159,-0.66881120729151,0.8405340386812759,-1.9428705303115201,-0.2348836341051035,0.013519432022016522,-0.016506205213396807
0.5302949485648503,0.5209101580276121,-0.6361297424337939,0.8336567707084397,-1.9423280299141492,-0.2348902752180697,0.014999968015797279,-0.01579981037779695
0.5322637809178072,0.5239330020000708,-0.6568896964294888,0.8361520166438723,-1.9443241578180483,-0.23489497435429652,0.013672885423374945,-0.016306148830026106
0.5327668485929742,0.5268264967343157,-0.6683355213202171,0.835853417736919,-1.9443528475513778,-0.23488147858247732,0.01393574136798723,-0.01604514380886356
0.5325397217308492,0.5274074843786307,-0.6687876488628701,0.8383898550588302,-1.9441759620551515,-0.23487782272642832,0.015049902594977843,-0.016383100391942837
0.5304326275015816,0.5234272227546226,-0.6440902226882148,0.8346498079114051,-1.943192113949988,-0.2348743018500432,0.015013420100390367,-0.01636462378606101
0.5357763681214367,0.528077845766056,-0.6914249520550957,0.8521825757802732,-1.9456168314230329,-0.23487960310830847,0.015012344877022799,-0.01626831639503829
0.5332731536209989,0.5278016816404989,-0.6761868720995317,0.8400047293896815,-1.9435389329873507,-0.23488271021630158,0.015143222804169633,-0.016514890814671987
0.5322798626478056,0.5253731454638446,-0.6622412258752721,0.8394485875837283,-1.9434341912416908,-0.23489996345341435,0.015082974946768895,-0.01577709037703925
0.532113637985792,0.5257961419898365,-0.6615804222691946,0.8365767492837008,-1.9438338010434055,-0.23490321887347942,0.015042651565212228,-0.016041030338703945
0.5305650238536463,0.5225770738764517,-0.6420327259366845,0.8312619321764654,-1.9429266050522571,-0.23488741933031676,0.015002161980830084,-0.0161688276676068
0.5359307960914288,0.5275900108920615,-0.6907338643574175,0.8501315179438995,-1.9453566940070584,-0.23488171073952824,0.014999098948040277,-0.016253009427578315
0.5333392240546742,0.5273482728629846,-0.6754793066481746,0.8398928951147715,-1.9433538055750343,-0.23488263836477064,0.013473311640389861,-0.016538091391492905
0.5322820206626355,0.5250665723432801,-0.6615614081021839,0.8399194019662231,-1.9433781375754737,-0.23490062457029826,0.014208561585519426,-0.01578961819553672
0.5321083222684466,0.5255899180406667,-0.6610636406795827,0.8370706058576376,-1.9438612786914042,-0.23490474142783757,0.015037766594352086,-0.016019692345217433
0.5305421604763181,0.5224309595976422,-0.641632380562168,0.8317622312781419,-1.9429561353570701,-0.23488928671337383,0.015003016665934631,-0.016138466731478736
0.5324946553540384,0.5253610300959002,-0.6625700590922978,0.8385380787405312,-1.9446715195390016,-0.23489257091570082,0.015024788599216167,-0.016574743756008037
0.5326867491665555,0.5278174900013219,-0.6709323182473916,0.8385711347796585,-1.9446820906060927,-0.2348886354091384,0.015065191256777879,-0.016176779641873883
0.5359997910122685,0.5301095325731691,-0.6985675365133162,0.8527392547730459,-1.94507275656653,-0.2348818213772219,0.013887068950349305,-0.01614144201757859
0.5327478806486079,0.5270933906714248,-0.6709388185359098,0.8414419091606646,-1.9430161452577934,-0.23489386498847065,0.015133888547956394,-0.016580940376895274
0.5302900155747645,0.5210539569033426,-0.6368660895121048,0.8344979881089536,-1.9423580250922887,-0.23490421142399942,0.01417704701522165,-0.015780548507421825
0.5322416689258311,0.5240297196879906,-0.6572292102461432,0.8365138933134739,-1.9443330335861013,-0.23491069524886843,0.013658785034250356,-0.016318140271674865
0.5328090134292127,0.5269119009076446,-0.6686189965809017,0.8358769436031226,-1.9443746728556714,-0.2348969402506258,0.015048952860412423,-0.016031849954912608
0.5325251762579848,0.5274973977930397,-0.6690525761515218,0.8384341632328356,-1.9441782103273768,-0.23489272895298363,0.015054763853866424,-0.016394733723992215
0.5304659168058974,0.5234210650969553,-0.6444132950811721,0.8347493438761076,-1.94311601068185,-0.23488891627408126,0.013552767062856307,-0.01638963785379667
0.5358059969221074,0.5280993140643142,-0.6916733181557113,0.8523968649361091,-1.9455659120893873,-0.23489383171059774,0.015005728002971438,-0.016257069275841033
0.5332506789603855,0.527884876283057,-0.6764475521587787,0.8401768687255595,-1.943521012980863,-0.23489699163756494,0.01514267233485667,-0.016547558679462518
0.5322907406544548,0.5253870955206423,-0.662433037474699,0.8396029361245576,-1.9434299263170427,-0.23491411149905073,0.015083071547026896,-0.015771970762712202
0.5321145536029794,0.5258195410988149,-0.6617248450165576,0.8367553371592482,-1.943835126956694,-0.2349172576613343,0.015042901853057584,-0.01605012506136711
0.5305615164261344,0.5225399295966531,-0.6420633427872229,0.8314348769977595,-1.94288301618713,-0.234901314815275,0.013764049205643121,-0.016182192041533337
0.5359580683699656,0.5275799949955458,-0.6910391945903074,0.8505079081745333,-1.9453217279434512,-0.23489558106554043,0.013742452014798527,-0.01627637164976168
0.5333279125654071,0.5274364037426347,-0.6755993957615134,0.8401346750013428,-1.9433983866264546,-0.2348964047514599,0.015132360030350105,-0.016503739953370906
0.5322506287026725,0.5251411657536877,-0.6614900369304619,0.8400860659823604,-1.9434380470401864,-0.234914418086845,0.015073881564108355,-0.015820239487935824
0.53211929520893,0.5255616376299646,-0.6611026979793948,0.8372702575986182,-1.9438475960294728,-0.23491871506570838,0.013951998340748034,-0.016038742191735508
0.530563963752658,0.5223794894174691,-0.6417246713944138,0.8319869440039351,-1.9429108072613062,-0.23490323393762758,0.013808830026232531,-0.016139231792008116
0.5325073938864664,0.5253578148046492,-0.66266656611612,0.838751258416421,-1.9446569800365028,-0.23490631433101505,0.01501812394583981,-0.016581113494338787
0.5326952410305514,0.5278245639474957,-0.6710223661016856,0.8387704527661297,-1.9446835482428426,-0.23490233358161383,0.01506433358128944,-0.01618014705573713
0.5359903791176466,0.5301494618449176,-0.6985487700532049,0.8528906774372418,-1.9451069795297249,-0.23489541105109435,0.015034644940257724,-0.016120209994647427
0.5327899676760284,0.5270194120664922,-0.6710437634252635,0.841657104879352,-1.9429887521135472,-0.2349077186454931,0.013392588411831073,-0.016626904561064998
0.5302832982081869,0.521088317883029,-0.6371008001319289,0.8347167112590173,-1.9423379766542244,-0.2349181055140992,0.014222551007278797,-0.01573573517153056
0.5322905813711545,0.5240475038709942,-0.6575037352886506,0.8366866831764268,-1.9443390498040802,-0.23492454434539134,0.01365607650441688,-0.01632106152948057
0.5328021498636462,0.5269273691520331,-0.6688551493907324,0.8360932041035758,-1.9443529034150986,-0.23491089567861057,0.013922151187043279,-0.01605781346056139
0.5325799740653236,0.5274468136920074,-0.6692961025295512,0.8386417648613884,-1.9441141693692323,-0.23490682676467323,0.013560764604764953,-0.01642154771301813
0.5304824537451074,0.5234383570629921,-0.6445732540030678,0.8349405255150373,-1.9431124929269883,-0.23490298675579435,0.013560743818553343,-0.016382657533639704
0.5357934467551555,0.5281226758106126,-0.6917090420978846,0.8524874205067574,-1.945563882979111,-0.2349078657040815,0.015005534650973693,-0.016256466396512306
0.5333011697544077,0.5278178428519018,-0.6765793556535096,0.8403192612773296,-1.943466002120724,-0.2349111833021036,0.013413943186317216,-0.01659435915770025
0.5323186300376381,0.5253711623789927,-0.6626299157777256,0.83973145219103,-1.9434091261084072,-0.23492825708923082,0.015080195221940134,-0.015699418624560785
0.5321333939515425,0.525837188703008,-0.6618954282155665,0.8368416711369617,-1.9438360435522473,-0.2349313186978792,0.01504283998106044,-0.016052409326392448
0.5322904469416496,0.5262526210248746,-0.6636566277755991,0.8362170360485193,-1.9439064706098712,-0.23492600494710913,0.01381466249766394,-0.016176238480346074
0.5304540533490707,0.522782274512207,-0.6423824442593125,0.8324680976996301,-1.942940960126931,-0.23491143905702483,0.01370862288487287,-0.016236916985659777
0.5359129218869301,0.5276777927994827,-0.6910993608069367,0.8515746725861879,-1.9454371362510328,-0.23490974212945392,0.013726003801705598,-0.01629206009630084
0.5332746168608837,0.5275412479329775,-0.6755748875809138,0.8404076021888622,-1.943494170633966,-0.23491258096030432,0.015132340830411085,-0.0164897001431001
0.5322438970809893,0.5251808351734875,-0.6615896625687894,0.8400396866725517,-1.9434437498896582,-0.23493087616835862,0.014178506490859635,-0.015818909611129507
0.5304563402727371,0.5220485876635186,-0.6403420759977632,0.8324712119827629,-1.9428681135295394,-0.2349244777585664,0.013907584174867565,-0.01604059630737212
0.5325041638957231,0.5251231953902646,-0.66182971863861,0.8375252483655915,-1.9445947393012109,-0.23492621522252044,0.015017511980950853,-0.016529723305731714
0.532767146033355,0.5276973960975386,-0.6709912149462225,0.8377566259334772,-1.9445808823138613,-0.2349180134960278,0.015061697565140558,-0.01616729368748067
0.5360288701821387,0.5300531032778437,-0.6984646604259792,0.8523955143948942,-1.9450423137814186,-0.2349093149003849,0.01503172729435066,-0.01612483897006319
0.5327621342879558,0.5270131336981976,-0.6707841051832384,0.8414499004784464,-1.9430119909207715,-0.23492147276299757,0.0151371588553701,-0.016597946967484074
0.53030927500392,0.5210072653265536,-0.6368225386622948,0.8345750652427206,-1.9423736079633152,-0.23493210418001365,0.014167213612977944,-0.015791394720457243
0.5322649510445032,0.5239958865412744,-0.6572731251241581,0.8365721419296923,-1.9443489235573583,-0.23493844557888277,0.013654879633306683,-0.01632273093004774
0.5328462531664702,0.5268439724342713,-0.668744283088456,0.8360019250946706,-1.944350798852943,-0.23492470931034592,0.013924674947052686,-0.016055564267519418
0.5325646224013489,0.5274120257497614,-0.6691904496022456,0.8386190306775578,-1.9441250986399075,-0.2349205656194293,0.013568753005900047,-0.016413545805587623
0.5304912371450143,0.523394165187038,-0.6445300397485676,0.8349705716722573,-1.943107920426252,-0.23491691242267354,0.013564718995210232,-0.01637907222693353
0.5358248235187695,0.5280307481473354,-0.6916725850782974,0.8524684649010119,-1.9455393466784026,-0.23492207541213705,0.013736479584326942,-0.016274592380187615
0.5332904413990125,0.5278019758908012,-0.6765582851391496,0.8403541257157938,-1.943454020626934,-0.23492545728523684,0.013425321010763755,-0.01658289227810328
0.5323480353457182,0.5253130979495584,-0.6626603184191353,0.8397637033169181,-1.943369920685453,-0.23494261314357257,0.01427703444833421,-0.015720560204028445
0.5321405036782734,0.5257964573837342,-0.6618143399893928,0.8368380989630309,-1.943819516343015,-0.23494570376123303,0.015038153215661985,-0.016046268545202164
0.5322894807888012,0.5262146715597593,-0.663550565035699,0.8361775146665158,-1.943900129096475,-0.2349404830172066,0.013816337235831248,-0.016174937423034462
0.5304464234391277,0.5228068626156741,-0.642322950935152,0.8324082536162765,-1.9429813127020994,-0.23492584713570075,0.01499699070553534,-0.016219366032931348
0.5359133470761117,0.527653810176532,-0.6909840180169375,0.851420886851785,-1.945449711257936,-0.2349242585487037,0.013733062654890453,-0.016285225766929375
0.5332957644777414,0.5274532546760815,-0.6755583958372302,0.8403575484288384,-1.9434423618282937,-0.23492722470590444,0.013484841055573406,-0.016527333473114973
0.5322532836808156,0.5251649460697418,-0.6615988555750949,0.83998244515326,-1.9434506174590016,-0.23494545118298227,0.015074259577165277,-0.01574421900421439
0.5320996950912518,0.5256734853823657,-0.661210261586894,0.8370558519634521,-1.943891248139865,-0.23494927728896187,0.015043654256511729,-0.016020531247735767
0.5305532686619605,0.5224775149917367,-0.6416977957023455,0.8317559624464739,-1.9429777342512837,-0.23493370988566742,0.015003719194397972,-0.01614381593820397
0.5324588781709485,0.525374365915372,-0.66260334765221,0.8385484841111577,-1.944644890683695,-0.2349373818130518,0.013370712611768715,-0.016598114828078374
0.5363041364435457,0.5299777551576987,-0.6999047537283563,0.8513228070940517,-1.9453599268377886,-0.23492209122557117,0.014168015869826075,-0.015853441937151325
0.5330235570926813,0.5274770972355354,-0.6738205387217402,0.8414838455275255,-1.9431263597360813,-0.23493067384667565,0.015135176174616908,-0.01671448316805757
0.5304243839801934,0.521306015378471,-0.6385962645066234,0.8354634537009424,-1.9424134734875356,-0.23494338211448973,0.014196967618384635,-0.015759225790008366
0.5322719907227693,0.524254487871259,-0.6580651807239404,0.8372482038637532,-1.9444337474326785,-0.23495298253777808,0.01501570694106321,-0.01633618252124521
0.5328452533211143,0.5269874467395477,-0.6691407481669769,0.8361310313573727,-1.9443888706932784,-0.23494079733131112,0.013901307070538542,-0.01607725057503951
0.5325587156356528,0.5275530541301228,-0.6694082399265886,0.8384492127825078,-1.944166471434965,-0.2349363214818938,0.015050084810600179,-0.01638680561761314
0.5322723039652448,0.527321440841968,-0.6668489368508261,0.8394013253112504,-1.9441806177976382,-0.23494138085347505,0.015058064244371873,-0.01634503485252028
0.5338024738686729,0.5253704264333718,-0.6709300362078654,0.8469431020691776,-1.943935555460632,-0.2349348357403791,0.014966051307933126,-0.015987807741924924
0.5328969342159438,0.5254604890844226,-0.6670793250216436,0.8413081647079821,-1.9436413435101398,-0.23495495491013774,0.015111405933878636,-0.016834372416006715
0.5323382574990978,0.5256783934435871,-0.662705247917212,0.8380905068757958,-1.9438429002520143,-0.23496506759025682,0.015038390246048562,-0.016168477277919507
0.5322783491236134,0.5262267708777166,-0.6636644929373663,0.8364357462409604,-1.943960622200704,-0.23496320374042057,0.015046674157165126,-0.016155396024352182
0.5323468309504742,0.5264465093519961,-0.6646515149133219,0.8368695793379377,-1.9439369564977609,-0.2349591001594522,0.013764299360742124,-0.01622493650941899
0.5304883066019608,0.522810372369495,-0.6426350966413663,0.8331440917005652,-1.942983160272398,-0.23494845389706054,0.013689362456773917,-0.016258209947443827
0.535837274609948,0.527624634245428,-0.6905393918382003,0.8513789744824605,-1.945440014636148,-0.23494924977094556,0.013734813859652095,-0.016280914461913376
0.5332954243404018,0.5274470093073163,-0.6755794956696022,0.8402055207364256,-1.9434281970748213,-0.234952017056397,0.013479741491694269,-0.01653047438382681
0.5322914697761867,0.5251648956095263,-0.6618179124215882,0.8398325540553735,-1.9434157912787047,-0.234969827917352,0.015072220499618824,-0.01576649999438041
0.5321371408237567,0.5256220158250935,-0.6614025539367656,0.8370004940951272,-1.943815388065759,-0.23497381684260077,0.013937437389678196,-0.016053596403197673
0.530594630263737,0.5224878795212309,-0.6420257803812754,0.831725698445867,-1.942935495854572,-0.23495846769754802,0.01499739165220821,-0.01615059051272731
0.5324802107725999,0.525360378864903,-0.6627106558403897,0.838412980859431,-1.9446015350696575,-0.23496218101887134,0.013364063618442917,-0.01660556509146332
0.5362890941891925,0.5299499006365567,-0.699662564671768,0.8510228667948967,-1.9453498860481346,-0.23494708399608477,0.015023221052051904,-0.01584998919198895
0.533022015886405,0.5274597137116093,-0.6738228190267392,0.8413235668655918,-1.9431113103387982,-0.23495537379597398,0.015137367423604055,-0.01672552694294345
0.5319950427080711,0.5247349836462245,-0.6585452166015457,0.8399443850774571,-1.9433653581129962,-0.2349776959475074,0.01507405252098697,-0.015764547156766506
0.530424666837706,0.5217436552234185,-0.638935731339271,0.8316462890136407,-1.9428668156683928,-0.23496983824254425,0.014997080938101126,-0.015943307693395307
0.5325372898165082,0.5248770314826015,-0.6611933369480898,0.8367626158813692,-1.944534863708964,-0.2349681594767965,0.015022314039285594,-0.016473541947022545
0.5328170803240866,0.5274485971736382,-0.6706717418400316,0.8375924400657935,-1.9444875670164468,-0.23495867675283844,0.01379867085807219,-0.016177301113375578
0.5324825718281723,0.5277274135468337,-0.6694824220457605,0.8395338418556451,-1.944278261778802,-0.23496027351532245,0.015053207067951203,-0.016434096789687633
0.5339345958851389,0.5256771480510345,-0.6728381605325167,0.8478756437656125,-1.9439418381074969,-0.2349548505386556,0.013888657918506154,-0.016080640784413923
0.5329208454784791,0.5256697847869383,-0.6679832001614043,0.8420366917257063,-1.943660646571491,-0.2349779707618973,0.015109107262581196,-0.016890227905887695
0.5323479452218276,0.5257893473192699,-0.6631277373991837,0.8383141236816005,-1.9438492036823423,-0.23498966455419623,0.015040452048417686,-0.016182669105851286
0.5322991011215397,0.5262913518068668,-0.6639782185229821,0.8363776769655917,-1.9439365967713673,-0.23498780112497997,0.015047539437488894,-0.01616247530948587
0.5323858388095042,0.5264789107110737,-0.6649205317783631,0.8367691205448473,-1.9439101789574247,-0.23498320834858255,0.013754348846108258,-0.01623476796090184
0.5304699420086108,0.5229291634484898,-0.6429344340966736,0.8330646105260655,-1.9429977452340577,-0.23497207290959565,0.01499666323782428,-0.01625330281550148
0.535855356550031,0.5276676476015956,-0.6906121397145588,0.8512263419084194,-1.9454610802676484,-0.23497282398500374,0.015007513036424242,-0.016269319822258113
0.5333151024604428,0.5274423612256127,-0.6756231298251487,0.8401299987463906,-1.9434316472803488,-0.23497540961525232,0.01345775855883671,-0.01655220042260256
0.532301106559161,0.5251425317044669,-0.6619326400792032,0.8398390504284707,-1.9433797164984972,-0.23499299926571382,0.014205373984661342,-0.01579255806405506
0.5321459622568909,0.5256170955613451,-0.6614970084822023,0.8370356241561634,-1.9437954881484316,-0.23499678996574858,0.013928283856979397,-0.016063037812551174
0.5306128663167708,0.5224403675915283,-0.6421280216207652,0.8318084364892933,-1.9428876561638182,-0.234981503488636,0.01377979998906032,-0.016169023236588222
0.5324885632225529,0.5253575792711613,-0.6627943868656336,0.8385199214987082,-1.9445841631453753,-0.23498510466645417,0.013354019762792126,-0.016616213740235718
0.5362888913954782,0.5299614180410197,-0.6997421616497084,0.8511346433145279,-1.9453422363289805,-0.2349699667771734,0.015021778962315283,-0.01585022638885608
0.5330615634329972,0.5273924662378411,-0.6739921799244879,0.8414825088292099,-1.943045836319028,-0.23497844792817268,0.013239827680373998,-0.016777227762100805
0.5320155779735893,0.5247329649065904,-0.6587693315877772,0.840104702288385,-1.9433346344097338,-0.23500071328237304,0.015067927181935128,-0.015707177711278886
0.530438917885129,0.5217697609096374,-0.6391288724978867,0.8317719400174655,-1.942860426708668,-0.23499284124095254,0.014997128308779289,-0.015949321456709544
0.5325458621843078,0.5249121666678418,-0.6613632765441615,0.8368752802782113,-1.9445369676663784,-0.23499115989236508,0.015021803439776885,-0.01647883351647987
0.5328055661054298,0.5275171369663259,-0.6707153710312888,0.8376581631754405,-1.9445331261310796,-0.23498155545084032,0.015059548645604031,-0.016158228535881912
0.5325021004042698,0.5276912418718389,-0.6695773442687116,0.8396307266925973,-1.9442480783232226,-0.23498340155412478,0.013507893922216576,-0.016470870953714745
0.5357435634992411,0.5295788287918741,-0.6952123831565311,0.8526065378610133,-1.9450508904757164,-0.2349816028294427,0.015028147746907673,-0.016025752494419353
0.5310034255080192,0.5231158096566162,-0.6485136084331353,0.8359045529060296,-1.9419443662850897,-0.23498663895650207,0.013485995330696658,-0.016491026938360173
0.5319597720907803,0.5234003252411252,-0.654250734182015,0.8394768711117777,-1.943945290942441,-0.23500878014635074,0.014999191547043454,-0.016633074162155845
0.5324601182102784,0.5261128411619413,-0.664409879764345,0.8356101096675612,-1.9443095321240742,-0.23500346006835038,0.015051555737375415,-0.015893979795438364
0.5325462126512308,0.5268547258075014,-0.6669572120656264,0.8367048168398536,-1.9440857230624484,-0.2349954601990012,0.015050167551703953,-0.016282092804297495
0.5305342809869229,0.5232315307576751,-0.6442473803649857,0.8337170552705384,-1.9430775553850097,-0.23498598492568945,0.015007228986587337,-0.016325763123583477
0.5358610583378258,0.5278705984026155,-0.6912954253364374,0.8518015041071489,-1.9455212160238702,-0.234989105345341,0.015005356994674778,-0.01629646422306686
0.5332908674459347,0.5276258410090584,-0.6758868331055305,0.8401990895246518,-1.9435228791470687,-0.23499272902540103,0.015139421619900806,-0.01652200554556248
0.5322983896001006,0.5252290721366961,-0.6620534795433892,0.839689150894487,-1.9434026987574526,-0.2350105068875168,0.014166535419296841,-0.015829334794754034
0.5321574286259194,0.5256550117196825,-0.6616012049187319,0.8368357782274263,-1.9437881485312563,-0.23501407247705774,0.013926211345366781,-0.016064461187375163
0.5306334344525867,0.5224760995641606,-0.6423161367939167,0.8316354552280352,-1.9428761400751382,-0.23499862434736496,0.013777708505730882,-0.016171233519328337
0.5324812594793231,0.5254285926407833,-0.6628055025975916,0.838324201464137,-1.944614860204731,-0.23500177944590828,0.015016561221890323,-0.0165918475485042
0.5362973499095878,0.5299291149834042,-0.6997098662359695,0.8509633830267127,-1.9453305805352823,-0.23498681020500722,0.01413555125171262,-0.015885729904952163
0.5330260350799696,0.5274490910018974,-0.6738353462387812,0.841286154043126,-1.9430954061578891,-0.23499497781718048,0.015132556429318166,-0.01673658701048264
0.5319977258836728,0.5247292141390512,-0.6585676761545756,0.839916085566526,-1.9433568268661894,-0.23501715187486383,0.015072589432433205,-0.015773071940361975
0.5304259705167622,0.5217375506264963,-0.6389496623425659,0.8316432959463933,-1.9428607658300105,-0.23500922193714668,0.014996357650583568,-0.015946992311736824
0.5325401137088015,0.5248784520036365,-0.6612336413469428,0.8367939873743167,-1.9445341118361625,-0.2350075203204307,0.015020283654289682,-0.016478436028340347
0.5328018115575928,0.5274954449395111,-0.6706427693888362,0.8376005007142551,-1.9445296681027742,-0.2349979253472565,0.015058524307239477,-0.016158145033343632
0.5324984332408915,0.5276793157835273,-0.6695403158847792,0.8395911757953831,-1.944244128385714,-0.23499979898322199,0.013505686405891648,-0.01647255918634527
0.5339234059868287,0.5257026494150141,-0.6728075860215252,0.847916127871736,-1.943955401303736,-0.23499410951525856,0.014961306161711454,-0.01605910294642964
0.5329219807604177,0.5256827949062304,-0.668047666643675,0.8420812790565719,-1.9436728976203987,-0.23501734694501408,0.015114318208756135,-0.016912239764892256
0.5323470416416454,0.5257993793610778,-0.6631749397013431,0.8383611626565237,-1.9438526799427445,-0.23502904885084774,0.015040528864678094,-0.016184817625762574
0.5322977341232322,0.5262952913801655,-0.6639985413976408,0.8364248968370838,-1.9439357133164714,-0.23502718824651136,0.015047110456363281,-0.016165263790459995
0.5323833490956273,0.5264787215320341,-0.6649184771846794,0.8368140336463288,-1.943909085699162,-0.23502260019679522,0.013751949795536546,-0.01623722237588576
0.5304660323300725,0.5229249129272606,-0.642913079496231,0.8331026759106548,-1.9429962309778759,-0.23501145055757533,0.014996324692829568,-0.016254807808930592
0.5358568671540027,0.5276707339956861,-0.6906448011465702,0.8512835742132507,-1.9454625739404587,-0.23501219410526986,0.015006957475030424,-0.016267936782308805
0.5333183306887523,0.5274517653307411,-0.6756859878072365,0.8401856086639112,-1.9434327075096727,-0.2350147772163549,0.01344954440269604,-0.016560561234594304
0.532290614225408,0.5251775066916347,-0.6619277530970944,0.8398665271217363,-1.9434119537084964,-0.23503232401766816,0.0150708888714323,-0.01577581393683619
0.532145465893251,0.5256219092468513,-0.6614980866343299,0.8370778553873306,-1.9438059755622579,-0.23503616060411403,0.013927031329830579,-0.01606403335050132
0.5305980986107404,0.5224830361764061,-0.6420799809722038,0.8318284790700501,-1.9429286239725734,-0.23502072274881947,0.014996427516345345,-0.01615726507690698
0.5324668165238702,0.5254200811027747,-0.6627194025370367,0.8385225905889095,-1.944651061735705,-0.23502419303108546,0.015022345923958137,-0.016585744144487234
0.5362876170624888,0.5299626786022937,-0.6997186904566748,0.8511605810136027,-1.9453759297412105,-0.23500921607572778,0.015029582345741508,-0.015864291676941474
0.5330509452713033,0.5273910351523989,-0.6739829975900742,0.8415150922631272,-1.9430495723426624,-0.2350177207386306,0.013234343285192834,-0.016781814015389446
0.5320185352747826,0.5247206976141889,-0.6587783889178009,0.8401477615222914,-1.9433362737977689,-0.23503994408095608,0.015067070172654679,-0.01571385854788068
0.5304331958892421,0.5217564974021043,-0.6391014011908931,0.8318295604348398,-1.9428568861019588,-0.2350319918204633,0.014996519143478684,-0.01595223905146913
0.5325631876245653,0.5248528575388995,-0.6614390414964406,0.8369996639979709,-1.9444922355557743,-0.2350305655717717,0.013466395827056112,-0.01650698710915299
0.5328309192144518,0.5274778429228038,-0.6708857652314455,0.8378170098603732,-1.9444721901008197,-0.23502101033777656,0.013806295567242846,-0.016170008495117863
0.5325104086490393,0.5277037489569949,-0.669709303664292,0.8397697817190206,-1.9442266718373853,-0.2350227635801554,0.01351067212214074,-0.016468479306795614
0.5357562370928681,0.5295588651792782,-0.6953354003038656,0.8527442833485681,-1.9450547304047747,-0.23502111281245597,0.013986814603749762,-0.01604796926471415
0.5326148488768814,0.5266264025917007,-0.6689330579846695,0.8408613982713895,-1.9428886552527382,-0.23503190335981117,0.013521050276056308,-0.016504575122651237
0.5303104421567708,0.5208581582575347,-0.6362472842443205,0.833997503715274,-1.9423053823974517,-0.2350388074989347,0.014143067745502173,-0.015817240429802804
0.532251680325853,0.5239500871537404,-0.6568446592138795,0.8364218453856331,-1.94435942570807,-0.23504343791909932,0.015017875792843981,-0.016281815866343877
0.5327521952498504,0.5268455998717156,-0.6682472780555493,0.8360541769489469,-1.944416622124657,-0.23503004082840828,0.015054191611757105,-0.01603807235844379
0.5307618138206838,0.5234796368340655,-0.6464513832039902,0.8340308733343207,-1.9431151231209718,-0.2350176515253537,0.013505112503695644,-0.016438050825564935
0.5360371563146744,0.5281779134520628,-0.6933476601491178,0.852980160020814,-1.9455548349443088,-0.2350214142637732,0.01362260653012319,-0.01638717316885254
0.5332851892533297,0.527914112155389,-0.6769365516883772,0.8410369353630829,-1.9435581802627837,-0.23502742121919518,0.015139480930926787,-0.016549241528473865
0.5323494820514147,0.5253157799260126,-0.6625876741405046,0.8400686971516089,-1.943419755499808,-0.23504686572640487,0.014218209234476715,-0.015777035481696535
0.5321894451151268,0.5257359813859832,-0.6619631894647959,0.8368999999435447,-1.9437893955865508,-0.2350504265057367,0.013930544080333132,-0.016059443162639978
0.5323287173347753,0.5262355505573675,-0.6637584632298292,0.8361863919612746,-1.9439069237771651,-0.23504455704985894,0.015043520260413227,-0.016143137308373336
0.5305205657695753,0.5228321564605913,-0.6428146085791457,0.8325611141325107,-1.9429828244548002,-0.23503011240669824,0.015003335873397737,-0.01622793233346255
0.5359077934812886,0.5276382587021979,-0.6907719113755677,0.8512556648508056,-1.9454543798201271,-0.23502862514812506,0.015003470432427678,-0.016273836488407065
0.5332815923056442,0.5274403103415484,-0.675268177678249,0.8402819232688374,-1.9435038015348676,-0.23503137596698664,0.0151374465520631,-0.01647818164256163
0.5322596712129046,0.525115389988354,-0.6614419718250089,0.8399741750589351,-1.9434479909871643,-0.2350494491134043,0.01416796485038695,-0.015828690404063917
0.5304848345625333,0.5220538521947722,-0.6404060531924154,0.8325200569071161,-1.9429102672907854,-0.2350431122224279,0.014995693313695654,-0.016023626794732522
0.5325283597417849,0.5250806251253923,-0.6618456821274137,0.8375326574667739,-1.9446028561150621,-0.23504497012711667,0.0150228179678227,-0.01651966982771532
0.5328044236377387,0.5275910697913453,-0.6710176488101762,0.837823017774106,-1.9445301719897907,-0.23503703226645012,0.013791745994586078,-0.01618278718334904
0.5324851842258642,0.5278221542802299,-0.6697356544051782,0.8394890777286257,-1.9442837982041699,-0.23503860521834508,0.015054094946510853,-0.01643639847083072
0.5357389400387085,0.5296367595147462,-0.6952999489835037,0.8524226808270017,-1.9450505159437501,-0.23503684004437275,0.015035172029788234,-0.016034590068004062
0.5325875583927893,0.5267181349414853,-0.6688461596662121,0.8405369684504587,-1.9429632470351406,-0.23504729051498074,0.015134006888731753,-0.016475076536565755
0.5302910557654741,0.5209127568559726,-0.6361370902342864,0.8337106306058564,-1.9423620216037376,-0.23505404192379586,0.015006241748214579,-0.015836368776098123
0.5322632488378982,0.5239126321248451,-0.6568563675154167,0.8362466682073402,-1.944333976115784,-0.23505885041656427,0.01367684514068414,-0.016301586028103467
0.5327565367638893,0.5268478578470956,-0.6682871906854828,0.8359274592784791,-1.9443927973331476,-0.23504527099605177,0.01504725455218912,-0.01602610000793979
0.5307404542247394,0.5235356728637894,-0.6463813443014264,0.8338856281148557,-1.9431504728377549,-0.2350325572144243,0.015009880630498736,-0.01642504359553689
0.5360228464498356,0.5282513369012563,-0.6933799085999155,0.8529433479622162,-1.9455822716745557,-0.23503612974622,0.015012833206863776,-0.016341333083108676
0.5332653652266046,0.5279704853037863,-0.6770252053074781,0.840924027708617,-1.9435722498685166,-0.23504238025987334,0.01514626928791142,-0.01658638341086684
0.5323302529034546,0.5253224036446396,-0.6625752922699952,0.8399824847049349,-1.9434234044174588,-0.23506176414993085,0.014222448516001478,-0.015770850868314583
0.532165770494438,0.5257407667509737,-0.6619067570750525,0.8368463015944458,-1.9437888194994715,-0.2350652888364131,0.01392849516619013,-0.016060321761973816
0.5323227834828739,0.52619685954462,-0.6637507015158226,0.8361855405247463,-1.9438657838569373,-0.23505952690953258,0.013825285778285212,-0.016164912679238034
0.5305002531024163,0.5227624792127745,-0.6426711878045293,0.8325411448783413,-1.9429157585629504,-0.2350448354145156,0.01371437241445157,-0.016231599327425482
0.5359300355723997,0.5276151452098192,-0.6909982753937101,0.8514717825158478,-1.9454061421832138,-0.2350433418034914,0.013719292398582522,-0.016298233074789295
0.5333042435470015,0.5274067460638472,-0.6754837341764279,0.8404449028067171,-1.9434174329168474,-0.23504628805939554,0.013494692533454776,-0.016516528582956696
0.5322746777272416,0.5251069813375153,-0.6616080055612983,0.8400888461300111,-1.9434093477902463,-0.23506448350486586,0.014233680272727962,-0.015764449619061538
0.532128621259786,0.5256052113798351,-0.6612889921986156,0.8371834656517239,-1.9438347552814408,-0.23506835604734988,0.013955186914590608,-0.016036039015240162
0.5305764185826662,0.5224628002740319,-0.6418116141053991,0.8318904181364042,-1.942956632948393,-0.23505271862048893,0.014998953057077973,-0.016134623351643118
0.5324537675189633,0.5254174335948223,-0.6626010675711029,0.8386139661797865,-1.9446833342712484,-0.23505612040168788,0.01502663114799215,-0.01657109882154562
0.5327088824869151,0.5278126532036875,-0.6709467783350398,0.8385594515246186,-1.9446740904269628,-0.23505231518158354,0.015065698259805416,-0.01618168167571573
0.536011331150613,0.5301259607459743,-0.6984027677478473,0.8526233243660428,-1.9451293434784578,-0.23504541715050387,0.015036440425064006,-0.01611980003915817
0.5327166851226348,0.5270807537017204,-0.6709734074809663,0.8414341171250275,-1.9429742144694462,-0.2350575555693739,0.013408118640428797,-0.016612513889143705
0.5303421878622974,0.5210544010443545,-0.6371325125513252,0.8344913302204766,-1.9423519772555373,-0.23506791506879576,0.0142191615664955,-0.015739051237504145
0.5322593982435126,0.5241059297043851,-0.6573592492943137,0.8364689649410826,-1.94438068341573,-0.23507405389730263,0.015017692180590268,-0.016293158086953766
0.5327780544187686,0.5269402408814763,-0.6687314297598776,0.8358774632582167,-1.9443689467041656,-0.23506050450869864,0.013910567609708071,-0.01606923509592328
0.5325588262676444,0.5274867892256587,-0.6691215051148509,0.838393632940206,-1.9441684622714641,-0.23505630577377268,0.015050120084726391,-0.016393726260591164
0.5304458720277943,0.523484587026636,-0.644344587654218,0.8346741424720063,-1.9431812525299268,-0.23505233837457062,0.015013202240028532,-0.016375292611376248
0.5357858027939741,0.528126315686726,-0.6916488308742803,0.852326548516201,-1.9455916035177898,-0.23505735884249468,0.015011947293607565,-0.016252773664610372
0.5332707869102915,0.5278719582533817,-0.6764300246527082,0.8401038031777093,-1.9435335290447755,-0.2350605541692321,0.015143602005067817,-0.016547857789656173
0.5322817288937092,0.525395177358198,-0.6624044880372786,0.8395454190373188,-1.9434395235579274,-0.23507763633215895,0.015083579890669413,-0.015768408499725037
0.5321267538955867,0.5257837980893445,-0.6617718300452875,0.8367291896150943,-1.9438038713846018,-0.235080890598395,0.01391962575644693,-0.01606987826187808
0.5305490309774656,0.5225761236758144,-0.6420016440318079,0.8313771420862386,-1.942913727123587,-0.2350647388971039,0.014996762882194179,-0.016169014922382013
0.5359403313209627,0.5276270101938803,-0.6909598146663454,0.8504318581785473,-1.9453742897444553,-0.23505896688635186,0.015005501532392588,-0.01625457598849842
0.5333172687334349,0.5274447364411268,-0.675547490977567,0.8400488011370912,-1.9434263876449025,-0.23505988919413578,0.015135329568072849,-0.016511105489316853
0.5322443390010472,0.5251398638783149,-0.6614447730756625,0.8400179243322592,-1.9434503454445808,-0.2350779218936081,0.015074474460399619,-0.015821245094070936
0.5320986098777389,0.5256010209050714,-0.6610146390740077,0.8371885319129238,-1.9438920153654973,-0.2350820985583537,0.015042358605659521,-0.016019906897472555
0.5305367934278893,0.5224232982309944,-0.6415883992363876,0.8318925827329888,-1.942967096585619,-0.23506652553882912,0.015002371556300994,-0.016133956425519794
0.5325163691438872,0.5253054669912238,-0.662672367117783,0.838733213163918,-1.944633961985109,-0.23507001091103952,0.013366486431231957,-0.016602052010886256
0.532700946111814,0.5278279308415259,-0.6710799513623344,0.8387706909396195,-1.9446679496652788,-0.23506590864555843,0.01505763278364784,-0.01616408217842514
0.5360080253667254,0.5301343886249885,-0.6987210417143936,0.8529454613681429,-1.9450748191493332,-0.23505899355084825,0.013883929186199247,-0.016144139776762823
0.5327539392894538,0.5271133932514385,-0.6710591131027321,0.8416362379144866,-1.9430220835880725,-0.2350711604034066,0.015133745434322013,-0.016593267334900536
0.5302980223229534,0.5210687847942088,-0.6369861951287517,0.8346656960007612,-1.9423647576020047,-0.2350816549826158,0.014178476810110623,-0.01577931895617688
0.5322514251946178,0.524046580390368,-0.6573519391061957,0.8366482810431242,-1.9443384268807797,-0.23508812856019734,0.013663437442918994,-0.016313493833708552
0.5328330419381198,0.5268862044019853,-0.6687803070798868,0.836034982280518,-1.944343881645973,-0.23507447063423648,0.013922107016402018,-0.016057676792702837
0.5325554175681626,0.527451025347923,-0.6692288469822838,0.8386089189216346,-1.9441198682066645,-0.23507031560721892,0.013565032460959466,-0.01641700843283384
0.5304624045321304,0.5234811480369785,-0.6444960519516405,0.8348772464139422,-1.9431473489976518,-0.23506630444301813,0.015005779919118369,-0.016371685336707742
0.5358168485133223,0.5280777902750806,-0.6917623179677319,0.8524815576775939,-1.9455520116663223,-0.23507146665673062,0.013737022874034138,-0.01627398133532411
0.5332630995161782,0.5278869092414142,-0.6765284317416418,0.8402828379204825,-1.94351367448058,-0.23507460795101487,0.015140150910859778,-0.016547049762648973
0.5323047768676652,0.5253885927494286,-0.6625139565969222,0.8396777026126641,-1.9434298046198242,-0.2350916630928399,0.015083066097929565,-0.015770807680356703
0.5321412259775942,0.5257780320614893,-0.6618319631818901,0.8368443189024646,-1.9437999623377813,-0.23509489175443044,0.013917617780094909,-0.01607214826482207
0.5305771530293182,0.5225388671584934,-0.6421622235468014,0.8315228152845631,-1.9428762313936652,-0.2350789713025252,0.013765282802010415,-0.01618072838372376
0.535947656142592,0.5276135573843739,-0.6909672091136434,0.8504717191498168,-1.9453556228149314,-0.23507303229016685,0.015002008350894339,-0.01625748192188268
0.5333515638757751,0.5273804731501182,-0.6756763731495488,0.8401761615810113,-1.9433642412966794,-0.23507403075962685,0.0134550987597559,-0.0165568471740896
0.5322783771065245,0.5251097089963972,-0.6616252637414837,0.8401311086312102,-1.9434218534298884,-0.235092015114315,0.015070421837198155,-0.01576357048411939
0.5321137904695536,0.525596922009262,-0.6610978446385918,0.8372590626969556,-1.943886686383527,-0.23509615100534376,0.015041319563242153,-0.016019509265689784
0.5305676364760874,0.5223913094318942,-0.6417502094749379,0.8319793609373081,-1.9429346202881614,-0.2350808094685739,0.013801047118231012,-0.016146887835298378
0.532512734742693,0.5253629465246155,-0.6626898238860965,0.8387273451670145,-1.94467072928936,-0.2350838865570699,0.015017602568071015,-0.016582040473069333
0.5327166673742569,0.5277847573110899,-0.671105597574349,0.8387788631483319,-1.9446496752193987,-0.23507999467967622,0.013767964047829562,-0.016204836353070497
0.5359935039169956,0.5301419252458084,-0.698542287624174,0.8528620813402119,-1.9450960544629714,-0.23507292970769011,0.015028419361366428,-0.01610729428359787
0.5327649456483394,0.5270831376957972,-0.670929721042512,0.8415865454839953,-1.9430580941816675,-0.23508514166136774,0.015139210965195937,-0.01659469080800961
0.5302594391574162,0.5211180823235955,-0.6368976051505104,0.8346273268175413,-1.9424030667789562,-0.23509566353399247,0.015014992047536759,-0.015769783386897877
0.5322647672191252,0.5240650868507872,-0.6572241735077302,0.8365563351035732,-1.9444026381407227,-0.23510200278047666,0.015018514755788411,-0.016295085376631237
0.5327916573459639,0.5268916254290339,-0.6686336849104642,0.8359559847869598,-1.9443794870263904,-0.2350884368748547,0.013915593216823676,-0.016064193586240783
0.5325568117775923,0.527456673194429,-0.6690581380698255,0.8384870328626715,-1.9441705697486462,-0.23508417562268313,0.01504858656087502,-0.01639140993497517
0.5304764712186394,0.5234100956491767,-0.6444289093651552,0.8348301806665468,-1.9431350027656418,-0.23508040712411127,0.01355409180336625,-0.016388668757290177
0.5358077486486135,0.5280627078687798,-0.6917166762531695,0.8524316881512704,-1.9455418177345223,-0.23508545532826997,0.013738743547039602,-0.016272044716803914
0.5332893293588636,0.5278653180083488,-0.6765432050236333,0.840253166431066,-1.9435138932195635,-0.2350886220146764,0.015137483135440721,-0.01655233866078845
0.5323086926181286,0.5253624240115169,-0.6625331320317267,0.8396871472408067,-1.943395777468722,-0.23510573959390246,0.014205520824480513,-0.015790067043991145
0.532122911855093,0.5258077146848397,-0.6617572825856479,0.8367942526373016,-1.9438267686876785,-0.23510889126289047,0.015038279319118053,-0.01605491449443669
0.5322836662995334,0.5262157364082451,-0.6635260985574254,0.8361617981017035,-1.9439002853978922,-0.23510366013879302,0.01381494396600377,-0.01617575128578194
0.5304535340592693,0.5227570287732295,-0.6423235767418722,0.8324198661419668,-1.9429368216615686,-0.23508912780185387,0.013708740848311838,-0.01623677913631448
0.5358958444813533,0.527697143957945,-0.6909732585277508,0.8514754966749463,-1.945463125486329,-0.235087323916785,0.01500534465244642,-0.01627147160471027
0.5332701481543429,0.5275349181826128,-0.6755424877815441,0.8403301881063374,-1.9435102277666312,-0.2350902046976575,0.015136956325944528,-0.0165054314607498
0.5322404792074176,0.5251717295662051,-0.6615672555949468,0.8399916143926287,-1.943445421723795,-0.2351085173868679,0.014169812575854365,-0.015827184159969605
0.5304420078512395,0.5220832791698662,-0.6403095221904032,0.832421064720755,-1.9428988437983783,-0.23510200661781244,0.01499523532724096,-0.01603842032637659
0.5325001490633872,0.5251301344781671,-0.6618413018640341,0.8375141872286243,-1.944606592489408,-0.2351039001705093,0.015022293345267303,-0.01652438401705536
0.5327831617705927,0.5276594682992846,-0.6710794860768354,0.8377891668033737,-1.9445380223648074,-0.23509587504078056,0.013780890900600251,-0.016193354720325542
0.5360451546395071,0.5300200413424259,-0.698598892097535,0.8524512530043769,-1.945050350853899,-0.23508723157193678,0.013891471241146291,-0.016138520000993046
0.5327684407163202,0.5270151195723258,-0.6708727435046082,0.8414952900980204,-1.9429725791823875,-0.2350992694002194,0.015131352858887195,-0.016607015837922064
0.5302985950679586,0.5210439856543454,-0.6368479511652776,0.8345781836652169,-1.9423865867676868,-0.23510992110490214,0.015012859186365884,-0.01578876714499723
0.5322651498021855,0.52400530193266,-0.6573030742530506,0.8365831054804556,-1.944345212554535,-0.23511631930339938,0.0136546344535194,-0.016322755113900682
0.5328340359708141,0.5268852230057517,-0.6687154135140485,0.8359873023203708,-1.9443770054649754,-0.23510241410536903,0.015048155009124667,-0.016036497538304252
0.5325449783174276,0.5274677934580652,-0.6691174862381981,0.8385818710132344,-1.944178850290947,-0.23509815511514986,0.01505355484335788,-0.016398791638732084
0.5304864609134237,0.5233954681275312,-0.6444902184173458,0.8349494653180978,-1.9431211486728888,-0.23509453674654335,0.013554175046685577,-0.016388531020965328
0.5358285920677819,0.5280309080525614,-0.6917122031079561,0.8525066392070118,-1.9455400292838316,-0.2350996586413805,0.013737734983694896,-0.0162731233787141
0.5332956930291761,0.5278069243509496,-0.6766347645879147,0.8404012570195052,-1.9434498442802361,-0.23510299868720974,0.013418040011732787,-0.01658932757900143
0.5323394472950849,0.5253445248716666,-0.6626830990271237,0.8398075119867796,-1.943395977956511,-0.23512010980557374,0.015078758441276964,-0.015705328727753
0.5321408691948539,0.5258025027971884,-0.6618465233759849,0.8369094599525537,-1.9438264180786922,-0.23512326806913375,0.015041466978738087,-0.016049000588088048
0.5322747027328187,0.5262602162419565,-0.6635266674824436,0.8362296585229556,-1.943939706150572,-0.2351179259067102,0.015047999193427634,-0.016154275762108015
0.530460847002229,0.5227628065449128,-0.6423783491396664,0.8324982556093357,-1.9429500810573463,-0.23510349628518057,0.013704747162857123,-0.016240625726285454
0.535906422336514,0.5276874600179324,-0.6909836804855649,0.8515178712662097,-1.9454641379782034,-0.23510162874236595,0.014997591062412904,-0.01626935719643572
0.5332689982490129,0.5275256627291443,-0.6755341097323564,0.8403940922423336,-1.943513537445953,-0.23510445371446664,0.015136928759950773,-0.016502887715753638
0.5322420684497855,0.525163280792162,-0.6615526812755137,0.8400643665395657,-1.9434461719334113,-0.23512274288772872,0.014169486540488784,-0.015827365016473433
0.5320889302537699,0.5256596054937441,-0.6611416403407313,0.8371415166486429,-1.9438868024593505,-0.23512658484946414,0.015039030860648277,-0.016023272192399508
0.5305421660543903,0.522458747295965,-0.6416248518230931,0.8318362236595469,-1.9429748133083287,-0.23511099718708195,0.015002579610910324,-0.0161450649206571
0.5324512272823831,0.5253587741218313,-0.6625424345877837,0.8386408396949019,-1.9446446105320288,-0.23511470663443212,0.013372357495441765,-0.016596440833646267
0.5362918590642494,0.5300015279279711,-0.6998773687624178,0.8514061353084887,-1.9453841640990994,-0.2350993461035369,0.015022827923776228,-0.015840891596825044
0.5330253908121314,0.5274900713223065,-0.6739085839065213,0.8415817433756105,-1.9431407812472044,-0.23510799142562178,0.015138737255785231,-0.016721173572846686
0.5304121885353847,0.5213440130706539,-0.6386399761515822,0.835546963639298,-1.9424508526331667,-0.23512076263872217,0.01502310971994747,-0.01575691730931317
0.5322703819978019,0.5242626989532297,-0.6581034951467046,0.8373620597547262,-1.9444453829598247,-0.23513046312582375,0.015019078159237191,-0.016334453703848867
0.5328479923704181,0.5269912991989498,-0.6691929529102776,0.8362508671715281,-1.9443909619240607,-0.23511830040780168,0.013898680301705633,-0.016079526300402817
0.5325817427598087,0.5275081237631527,-0.669551216227811,0.8386062995658046,-1.944118748594736,-0.2351140103399496,0.013564012716280306,-0.016417111349642584
0.5322818380861518,0.5273239638583211,-0.6669582855068708,0.8395447895282038,-1.9441581398625711,-0.23511891936589357,0.015050908754131878,-0.016341271910934884
0.5338035497116618,0.5253838009651366,-0.6710317072312995,0.847076537381005,-1.9439285146584293,-0.23511235558711352,0.014965882378133273,-0.01599797887789033
0.5329263535583362,0.5254030861212531,-0.6672687824938919,0.841491757596021,-1.9435738286884572,-0.23513274895210667,0.01312229343415583,-0.016880163168751308
0.5323654725896123,0.525646596142491,-0.6629315275967365,0.838271864613434,-1.9437749962920021,-0.23514281061310438,0.013818097338429772,-0.01617000777373951
0.5322881802418058,0.526237944884488,-0.663802855789366,0.8365834105282364,-1.9439362578702726,-0.23514080260160508,0.015041045934598707,-0.016163396098115623
0.5323329742875327,0.5265044304289574,-0.6646657617703715,0.8369549181809219,-1.9439767299354092,-0.23513660595842545,0.015048461834018072,-0.016209613533338666
0.5304907022148608,0.5228300769849676,-0.6426929248035487,0.8332156258495322,-1.9430028979239315,-0.23512612278349465,0.01367912858831346,-0.016268744814816882
0.5358208056310856,0.5276650104220044,-0.6904605721509318,0.8513761919296119,-1.9454767964498938,-0.23512675576192166,0.014998607785202067,-0.016260239109060937
0.5332940239852535,0.5274525662665539,-0.675575432331418,0.840217279641978,-1.9434514036076749,-0.23512947372402593,0.013469763519417272,-0.016540709566311505
0.5323066775274023,0.5251353433618666,-0.6618945814434971,0.8398930596751715,-1.943394844725617,-0.2351472844621032,0.014209152516459801,-0.015789100916628895
0.5321402102615052,0.5256197067468662,-0.6614510954684327,0.837055013039258,-1.9438121444240934,-0.23515122119976972,0.013933621885024883,-0.016057846123631186
0.5306107793862482,0.5224468386164354,-0.642113782092979,0.8318052320997058,-1.9429012701668773,-0.23513605402033377,0.013781692234660931,-0.016167512731970774
0.5324830802200635,0.5253535885469134,-0.662724553617295,0.8384687026100259,-1.9445913978289546,-0.23513970104453552,0.013359835292948069,-0.016610579369902262
0.5362865117816327,0.529949256775617,-0.6996508957101426,0.8510479394743014,-1.945351642595213,-0.23512461004480656,0.015022349010403632,-0.01585354358748215
0.5330525643042634,0.5273976656639867,-0.6739640916845708,0.8414195895580896,-1.94305054544982,-0.23513308681652134,0.013248279465661766,-0.016768888485642477
0.5320372343046866,0.524704409087847,-0.6588446144147664,0.840062311308504,-1.94331153309059,-0.23515539977299227,0.014279020380847465,-0.015722991328551268
0.5304468687638471,0.5217824243858598,-0.6392302740376827,0.8317296778835859,-1.9428531537718952,-0.2351475118660744,0.01499438329393963,-0.0159558660354321
0.5325660002145822,0.5248671220397476,-0.6614619170060614,0.8368479035996321,-1.944490509652435,-0.23514608050935148,0.013466005282203278,-0.01650795925268117
0.5328312677976585,0.5274797430446725,-0.6708571279803248,0.837659048992375,-1.9444727648536775,-0.23513653343010343,0.01380814887126168,-0.016168655308293117
0.532492291970228,0.5277565940368136,-0.6696064123466794,0.8395688781674728,-1.9442783422944308,-0.2351381026034458,0.01505407811268453,-0.016438174012824693
0.5339392803126293,0.5257008769988687,-0.6728961907516755,0.8478675190159368,-1.943948387490095,-0.23513274736828027,0.013889085124312514,-0.01608048775285013
0.532925309682116,0.5256821649454073,-0.6679977992705535,0.8420036238943664,-1.9436682421241427,-0.23515581835649524,0.015112558777887763,-0.016889858828526526
0.5323531635523713,0.5257945788975853,-0.6631304687657611,0.8382696057868761,-1.943855968684117,-0.2351674344604584,0.015041010951944126,-0.01618049245847878
0.5323216196359359,0.5262492041872591,-0.6640391924125613,0.8363593799674591,-1.9439008334830952,-0.2351656406975371,0.013805818569141676,-0.016182878411671105
0.5323941487031387,0.5264712785457286,-0.6649342925205914,0.8367344272960091,-1.943901263449579,-0.23516093535251592,0.013762534883311629,-0.016227299238769664
0.5304790449010452,0.5229329576740902,-0.6429736896820577,0.8330375698202683,-1.943003357220861,-0.235149856710966,0.014996977431029786,-0.01625355771030323
0.5358683931480188,0.5276224265780813,-0.6906108348645796,0.8511444750512611,-1.9454320486013028,-0.23515071404873122,0.013729322896217372,-0.016287028463995108
0.5332991664516138,0.5274866629044457,-0.6754946735712712,0.8400303869461831,-1.943480288917014,-0.23515310774759524,0.01513058384724997,-0.016503935754590242
0.53227002104087,0.5251924834084889,-0.661702941445415,0.8396854336261592,-1.9434438646969756,-0.2351706384292962,0.015074462299104304,-0.015828817866489157
0.5321213328595711,0.5256310183398654,-0.6612106234716553,0.8368712206300088,-1.9438581694575499,-0.23517441423395358,0.015040844996060423,-0.016034724543239877
0.5306163178429948,0.522413153825501,-0.6419976872024904,0.8316848242119548,-1.9429139525198584,-0.23515929672367708,0.013785131681435019,-0.016163834103161127
0.5324756263741248,0.525379464739939,-0.6626232821790872,0.8383499173623576,-1.9446372122485727,-0.2351625868000431,0.015016067870376777,-0.016582740975466248
0.5362866856727919,0.5299247908340492,-0.6995660913499293,0.8509372682849898,-1.9453699621527898,-0.23514755104198848,0.015026985688591628,-0.015862853928871597
0.5330241594408811,0.5274342868684547,-0.6737735011146357,0.8412940350782891,-1.9431189221749872,-0.23515588416419497,0.015136615293125672,-0.01673288263424437
0.5320070119801468,0.5246797300755741,-0.6585314330779575,0.839959613079837,-1.9433309697083976,-0.23517821811507034,0.014209855696614117,-0.015790117193771214
0.5304438485082477,0.5216869269119506,-0.6390048344632522,0.8316994782635314,-1.9428212798358189,-0.23517050971906883,0.013994415054295094,-0.015957302376491077
0.532562905770666,0.5248112788802057,-0.6613076158576616,0.8368409848905527,-1.94447371008253,-0.2351690489174354,0.013468956041193206,-0.016504767026315915
0.5328297264012472,0.5274460992873591,-0.6707786058786835,0.8376595066692332,-1.9444628544238212,-0.2351595353218432,0.013809446572643973,-0.01616710062375957
0.5324906940983825,0.5277309133756312,-0.669551787107646,0.8395786158450207,-1.9442691811204647,-0.2351611762477699,0.01505254477361724,-0.016437973563826362
0.5357494733256365,0.5295387323180885,-0.6951947592038659,0.8525296803254436,-1.9450533743660614,-0.23515977188641912,0.01397783865208864,-0.01605639471424701
0.5310100924570937,0.5231037046079958,-0.6485182663829425,0.8358493183172877,-1.9419263790565466,-0.23516485747620663,0.013488066050565174,-0.016489004056967124
0.5319819011628857,0.5233375571129937,-0.6542950714405089,0.83948743357971,-1.9438822576953658,-0.235187167313196,0.013330461582843157,-0.016652221863625402
0.5324748348989985,0.5260936916740366,-0.6644384570229844,0.835538919870614,-1.9442713359374375,-0.2351816565510143,0.015044736131423608,-0.01588338505917613
0.5325759419810261,0.5267993333481105,-0.6670643297835648,0.8366589748451512,-1.9440216607916447,-0.23517373581736134,0.013677606630577557,-0.01630840972971534
0.5305721729667381,0.523182244902686,-0.6444310699315574,0.8337050099118475,-1.9430044002545124,-0.23516432960191924,0.013613801853243141,-0.01633332364442708
0.5358654648330266,0.5278554691666466,-0.6912711450685212,0.8516861594962144,-1.9454864909542966,-0.235167366276392,0.015005803302101548,-0.016302918920234777
0.5333157609273904,0.5275586345029337,-0.6759370609661435,0.8401589091301291,-1.943447978422654,-0.2351710778402234,0.013445909292434537,-0.016563787908870902
0.5323140527392809,0.5252304262788323,-0.6621353947476152,0.8396089789706069,-1.9434037685405245,-0.23518878777297036,0.015074285535669543,-0.015747574180429522
0.5321571018214772,0.5257063077816371,-0.6616337548974718,0.8367256204001805,-1.943824409159018,-0.23519219553778736,0.01504178939320243,-0.016044595740613274
0.5306295733266602,0.5225459747664516,-0.6423509695591587,0.8315171892531037,-1.9429313701503954,-0.2351767056393328,0.01500253661140538,-0.016163232557196046
0.5325076365424355,0.5253968452242122,-0.6629527029675026,0.8382509504605347,-1.9445858634577444,-0.23518016983504353,0.013353472321297001,-0.016616419946035285
0.5363097575352471,0.5299305561500551,-0.6997706073857346,0.8508829196744214,-1.9453103494443802,-0.2351650328796202,0.01415440640543347,-0.015866966173624472
0.5330316822869312,0.52745448660996,-0.6738569803043424,0.8412248674788572,-1.9430851805110088,-0.23517308912286605,0.015132764769477183,-0.01673812468841567
0.532000880505394,0.5247300188057347,-0.6585560805687143,0.8398587507956901,-1.9433520475048214,-0.23519522299343532,0.015072486731682058,-0.01576950961880169
0.5304309184442326,0.5217379236155653,-0.638943841137178,0.8315935320802135,-1.9428595636119237,-0.23518732360025574,0.01499649670113716,-0.01594399070444403
0.532564601836313,0.524829194928321,-0.6613341266295887,0.8367647124580548,-1.9444877483687995,-0.23518582744815753,0.013470034743054936,-0.016503526310362743
0.5328154487358994,0.5274972833749301,-0.6707368262103959,0.8375810081061612,-1.944503195058413,-0.23517605087370264,0.015052122404664348,-0.016142765792037057
0.5324855582641135,0.5277393809738617,-0.6695241268118011,0.8395335790038452,-1.9442852106495003,-0.23517772284233907,0.015058188335716309,-0.01644600754194895
0.53575299894311,0.5295420040582544,-0.6952132355289589,0.8525497847546104,-1.945052940085004,-0.23517621261833543,0.01398454252304257,-0.01605001550350323
0.5325850025164769,0.5266626431993195,-0.6687119785447004,0.8406234820529921,-1.9429485870595276,-0.23518685143995643,0.015128842897863877,-0.016459933754678115
0.5302921846503903,0.52083179312379,-0.635983522225116,0.8337968783587417,-1.9423205074192325,-0.2351937061670215,0.01411250090084954,-0.015847132054612634
0.5322399835157707,0.5239114801363058,-0.6566348059713762,0.8362749986691789,-1.9443589929976648,-0.23519832094459847,0.015013783388743436,-0.01628288938645992
0.532759959509101,0.5267741543272226,-0.6681688242196211,0.8359556179189838,-1.9443733692493268,-0.23518506123735783,0.013928300948851287,-0.01605212507237817
0.530755093904042,0.5234465787666158,-0.646342816173612,0.8339322592883569,-1.9430920404447853,-0.23517256761994698,0.013516898553831643,-0.01642653676415535
0.5360375796799897,0.5281673477427287,-0.6933341105194861,0.8529316880401421,-1.9455436980385041,-0.2351763635289137,0.013621329584124691,-0.016388168426913725
0.5333015644703565,0.5278477167082567,-0.676990792795066,0.8410149846590693,-1.9434870171627514,-0.23518257361953143,0.013418704081863604,-0.016588315374654827
0.5323563889567318,0.5253161697014921,-0.6626694979138934,0.8400369329458597,-1.943416480101087,-0.2352020761946827,0.015081543310563942,-0.01568704438984418
0.5321916551222694,0.5257481919080345,-0.6620141501581234,0.8368601952575876,-1.9437832442227343,-0.23520562671190515,0.013936217588843721,-0.01605355500399867
0.5323434795002928,0.5262082296633963,-0.6638608647913706,0.8361683994912354,-1.9438591301528447,-0.2351998969216993,0.013824452260615893,-0.016166667704835616
0.5305309944459164,0.5227893897632203,-0.6428892455436559,0.8325467312627834,-1.9429147515652136,-0.23518538303941217,0.013715195170673624,-0.016232113190367454
0.5359312323284628,0.5276024422802159,-0.6909099042289562,0.8512996280313159,-1.945392244395797,-0.23518389248365779,0.013716588086621163,-0.01630149160952069
0.5332791119281124,0.5274455874173878,-0.6752819263853045,0.8402966970441783,-1.943471544455905,-0.23518657473953652,0.015132097521321169,-0.016467746319893152
0.5322411822497903,0.5251549074599104,-0.661367823454647,0.8399269045907358,-1.9434692733794083,-0.2352046378454098,0.01507664304230958,-0.015804481842158997
0.5304975475905049,0.5220233782123733,-0.6404119233195171,0.8324959844386184,-1.9428795931026377,-0.23519842808860147,0.01392257596866315,-0.01602650269956755
0.5325351558372242,0.5250818651678459,-0.6618695472719827,0.837497710751653,-1.9445837276914206,-0.23520010140499803,0.015018249668245637,-0.01652206580975096
0.5327900722568062,0.527637739074259,-0.670969660114582,0.8377596466282196,-1.9445625484368243,-0.23519196715160895,0.015061747436396846,-0.01615747420868075
0.5325016014541655,0.5277731061639805,-0.6697692361877143,0.8394775504210088,-1.9442441815762042,-0.2351937871388845,0.013509522428789295,-0.01646844584439329
0.5357423046696193,0.5296245424656334,-0.6952694236337607,0.8524017928836178,-1.9450529925676943,-0.23519186432891015,0.015027536441291487,-0.01601610400537287
0.5325828045627459,0.5267088848357773,-0.6687674930477971,0.8404923664683945,-1.942948163466423,-0.23520227273530203,0.015133900564843854,-0.016472798004902773
0.5302870798369872,0.520907627471396,-0.6360604034455308,0.8336646554367508,-1.9423564879600121,-0.23520900139230427,0.015005945732623538,-0.015833512310864797
0.5322611387895604,0.5239103697846108,-0.6568158986035932,0.8361971123962908,-1.9443298763082035,-0.23521379693486288,0.013677933169684842,-0.016300670293516485
0.5327687545076314,0.5268057358527667,-0.6683071384436925,0.8359069231053562,-1.944352896790984,-0.2352003511940559,0.013936909386709866,-0.016043562885051425
0.5325631603135443,0.5273417388749042,-0.6688734592353462,0.8384852407509102,-1.944126847263636,-0.2351968919609435,0.01357253534317742,-0.016409751415158942
0.5304417380664708,0.5234162614236224,-0.6441675797279842,0.8347445419486581,-1.9431670293635666,-0.23519324493085847,0.015005953371782746,-0.016359223903354973
0.5357777764660145,0.5280752833792599,-0.691467863450379,0.852257365188624,-1.945606791038367,-0.23519858543883387,0.015011884174669091,-0.016273567553061315
0.5332765942757245,0.5278004801297174,-0.6762368388599729,0.8400828876039386,-1.9435343855732174,-0.23520170151473963,0.01514288187623851,-0.01651803374648677
0.532297643487265,0.5253427136836661,-0.6623475773692338,0.8395497258197198,-1.9433937720302525,-0.23521897183448992,0.014196582491051102,-0.015799462353011457
0.5321226311182565,0.525801206830045,-0.6617011456009969,0.8366631939788629,-1.9438170713324867,-0.23522217325117545,0.015039150664265335,-0.01605019786736178
0.5305705198167532,0.5225919751373063,-0.6421422386856079,0.8313461465782321,-1.9429218752852044,-0.23520637948706558,0.01500233382666241,-0.0161738504916511
0.535929553416242,0.5275979566458835,-0.6907716629093059,0.8501981641131362,-1.9453541390094635,-0.23520074279305803,0.01499976392722024,-0.01625640852552518
0.5333179341332333,0.5274109573591668,-0.6754203980213358,0.8399072436520063,-1.9434140799643247,-0.23520153074690242,0.015134268152697476,-0.016501185293670877
0.5322639830635527,0.525094618818926,-0.6614687875864167,0.8399292163513818,-1.9434046404852232,-0.23521947456764636,0.014150178170175127,-0.015846818052255737
0.5321070939112191,0.5255872307342866,-0.6610375414200131,0.8371054949895083,-1.9438692227425207,-0.23522361495374788,0.01503827026258914,-0.016023510470303336
0.5305471476662147,0.5224250776124624,-0.6416546217907708,0.8318215987970596,-1.9429583239736878,-0.23520816183326243,0.01500255722653232,-0.016137158616535682
0.5324980233285537,0.5253515908283495,-0.6625721205776944,0.8385946136753031,-1.944671153008116,-0.23521144997298382,0.015025071879911107,-0.016573113839087945
0.5327081358648087,0.5277656099610724,-0.6710089883044716,0.8386600314392183,-1.9446383478637443,-0.23520764345148581,0.01377029916577822,-0.016201883806261686
0.5359898981019438,0.530136391331177,-0.6985428109263907,0.852767434612236,-1.9450891721900883,-0.23520063021477444,0.015029183405453665,-0.016116962544450743
0.5327760901649548,0.5270383449465692,-0.6710948495728211,0.8415454141985137,-1.9429661712790018,-0.2352128431536542,0.013395970047796102,-0.016624279229246208
0.5302985791799504,0.5210958905604723,-0.6370732238209591,0.8345958255320447,-1.942373618515072,-0.23522319971237238,0.015009285961141705,-0.015732782197813128
0.5322545000738472,0.5240711877437123,-0.6574567213776294,0.8366181857644328,-1.9443403983150107,-0.23522970796340026,0.013660883748555452,-0.016315988665577024
0.5328333425570131,0.5269041642364201,-0.6688449327278576,0.8360146647758961,-1.9443420278997934,-0.23521612488403054,0.013920177974605395,-0.016059567668242274
0.5325358950461387,0.5275182909808063,-0.6692015367765478,0.83855024603369,-1.9441640953834511,-0.23521182909243787,0.015050266584628451,-0.016390854058589525
0.5304553431515009,0.5234948463506424,-0.6444713167379339,0.8348116868654021,-1.9431638651849594,-0.23520789211982418,0.015013279702335302,-0.016380285839767063
0.5358159164531546,0.5280789677735926,-0.6917530134076175,0.852463327623691,-1.9455522508649743,-0.23521306836791567,0.013736146291376344,-0.016274646068364533
0.5332823327785263,0.5278244296309094,-0.6765921958536003,0.8403053936578768,-1.9434480171455242,-0.23521632940622084,0.013428726466460638,-0.016578853125734885
0.5323304787928684,0.525364142398681,-0.6626862562288798,0.8397278976422289,-1.9433957363023655,-0.23523335751962726,0.01508071995475045,-0.015701222719872513
0.5321485084448581,0.5257950848385429,-0.6619550039432989,0.8368734849688435,-1.9437893921537066,-0.2352365022161056,0.013920526924883159,-0.016069405421073303
0.53057382541843,0.5225572603046027,-0.642203789935091,0.8315226699222213,-1.9428714485504077,-0.23522052893748935,0.013759940751719846,-0.016185666287787306
0.5359620947700714,0.5275930789748715,-0.69108981192573,0.8505430507797502,-1.9453233684010263,-0.2352147500281916,0.01373941520500294,-0.01628012546038895
0.5333289704754138,0.5274413638937299,-0.6755913308901267,0.8401624259957492,-1.9434025687510292,-0.23521555554395945,0.015130442030094615,-0.016501188792777666
0.5322673257671626,0.5251100479651107,-0.6615275227358524,0.8401224811712025,-1.9434082845238088,-0.23523354324347778,0.014164189122359346,-0.01583344941691955
0.5321228352676082,0.5255576094939496,-0.66110498893027,0.8372748846083455,-1.9438439501223383,-0.2352377602849547,0.013952526156935815,-0.016038856194090022
0.53055033098686,0.5224260864525387,-0.6416658038519172,0.8319645798535467,-1.9429565952743912,-0.23522215959912973,0.014997895725817556,-0.01612717657751552
0.5325030122994585,0.5253651155414296,-0.6626308520042077,0.8387085469055586,-1.9446841959979384,-0.23522536433977326,0.015024158169253787,-0.016576136664070665
0.5327107664541781,0.5277780047516911,-0.6710450821786793,0.8387597782982565,-1.9446535307800854,-0.23522151370880362,0.013771919457805938,-0.01620059882543428
0.5360056507037925,0.5301017636881378,-0.6985731444929879,0.8528711893844525,-1.9450654123408757,-0.23521456335749313,0.013902756832570914,-0.01612602962385297
0.5327903253162507,0.5270026482828367,-0.6709787030870773,0.8416312158425621,-1.9429773176653997,-0.235226847596822,0.013397784473425767,-0.01662384928744535
0.5302851309132066,0.5210830340473178,-0.6370521825566016,0.8346778225246476,-1.94234239313114,-0.23523730437579182,0.014225385577675696,-0.015732909729240237
0.5322912477474091,0.524040011005753,-0.6574477438711224,0.8366016615305778,-1.9443446794742894,-0.23524375556977795,0.013657976797833687,-0.01631938342828355
0.532788261334364,0.5269568537465261,-0.6687410615336393,0.8359707816809019,-1.9443934218381251,-0.23522995203248076,0.015049787493675713,-0.016033474442326605
0.5325779461890985,0.5274395605965623,-0.669215536778692,0.8385262862958642,-1.9441329742607012,-0.23522595561893667,0.013555765363555884,-0.01642651222899164
0.5304667453145857,0.5234788578129699,-0.6444579983007008,0.8348146766261726,-1.943168006445882,-0.23522200396758652,0.015006590246225169,-0.016362084816158223
0.5357885568100498,0.5281170968756816,-0.691622173065416,0.8523434222917974,-1.945588959144965,-0.2352270502502467,0.015010989933224937,-0.016251450326973074
0.5332992120772646,0.5278051231150416,-0.676506767974808,0.8401988027038358,-1.943475057880116,-0.23523038347702574,0.013417900934861563,-0.01659007206682751
0.5323170713042105,0.5253618204841102,-0.6625729251436292,0.8396280881544085,-1.9434126319892489,-0.23524742643343188,0.015080056874605216,-0.015699616794875127
0.532127500584803,0.5258201509815956,-0.6617948088722168,0.8367428888823527,-1.943838251550181,-0.23525049251407282,0.015042162872334203,-0.016046903566308016
0.5322855237585831,0.5262338645684679,-0.663563525552699,0.8361165587120505,-1.9439074431654806,-0.23524521852319236,0.013815788094722786,-0.0161750230995864
0.5304318096051484,0.5228107769035581,-0.6422365408786757,0.8323449624265287,-1.9429815634967351,-0.23523047225853766,0.014996758697923423,-0.0162221952364058
0.5359090866111798,0.5276757687532534,-0.6910497907427295,0.851479139944904,-1.9454535644690036,-0.23522887902129597,0.013731646157518766,-0.016286493816022693
0.533270266215184,0.5275334812118722,-0.6755252890575303,0.8403145852486222,-1.9434980616828046,-0.23523173784539253,0.015132459680287142,-0.016488139000478765
0.5322385302249968,0.5251740856235809,-0.6615383036242797,0.8399643550661366,-1.943443540939203,-0.2352500442702432,0.0141765663031842,-0.015820517036339368
0.5304529089464172,0.5220435870946591,-0.6403123834200892,0.8324086332647331,-1.9428641287389707,-0.23524362430847923,0.013903392161632909,-0.016044041090731598
0.5325210798097135,0.525072765592224,-0.6619112094868864,0.8375283105288132,-1.9445471291025074,-0.23524564443673768,0.013418423682469122,-0.016552363929925352
0.5327916249516393,0.5276644018133565,-0.6711559228640791,0.8378011427261107,-1.9445143305327006,-0.23523749016973472,0.013798418040622384,-0.016176286534728683
0.536037881867089,0.5300679201746314,-0.6985705895045164,0.8524241282551008,-1.9450499560670202,-0.23522866840158851,0.01502577619932173,-0.016117533231302678
0.532802139162917,0.5269442774070683,-0.6708882091002888,0.8415131836223075,-1.9429389209230319,-0.23524096282592932,0.013382829887991839,-0.016639043246020106
0.5302827466206272,0.5210743019083699,-0.6369518361667694,0.8345900280341727,-1.942359600214167,-0.23525158716382766,0.015006963950416443,-0.015737839557107735
0.5322864908939602,0.5240606778155943,-0.6573692382283989,0.8365109016870775,-1.9443876505447601,-0.23525774396420918,0.0150171628488175,-0.016306147619291996
0.5328060049770027,0.5268942062383832,-0.6687563084546531,0.8359497583134372,-1.9443695227754754,-0.23524401445039267,0.013912622932559751,-0.016067671592971865
0.5325844654971235,0.527403770206126,-0.6692011087344225,0.8385522105032477,-1.94411683950658,-0.23523988160618625,0.013565338134522677,-0.016417153931622724
0.5322612494389878,0.5272626159685672,-0.6666205644103886,0.8395251238945205,-1.9441906958465172,-0.2352452252723518,0.015051283203718614,-0.01633067076784033
0.5337437189634109,0.5253721281130925,-0.6708049913563654,0.8470745746341644,-1.9439428214946428,-0.23523872005517266,0.014965803513643822,-0.015994824325913662
0.5329291345865759,0.5254066588965092,-0.6669913909757472,0.8413723072572745,-1.943646606494518,-0.23525915906785944,0.015112404946662907,-0.016826791030182746
0.5323100046343683,0.5256762082832003,-0.6625970061257682,0.838140248073084,-1.9438558777230401,-0.23526940892561665,0.015039283025474881,-0.016163397731001238
0.5322918080926087,0.5261783672002238,-0.663694773913222,0.8364898979091313,-1.9439282953197807,-0.2352677866264905,0.013812052385790769,-0.016176764349781134
0.5306169858797185,0.5227928117570766,-0.6431197933379993,0.8322943487464736,-1.9429600202399016,-0.23525349216284042,0.01499743125596393,-0.016216322211687565
0.5359251204854019,0.5275915380941303,-0.6908567800853342,0.8508075243196407,-1.9453819776839927,-0.23525166205882986,0.01372285363444663,-0.01629348217283551
0.5333055106032383,0.5274385899646212,-0.6755099101809305,0.8401492192449318,-1.9434416712906222,-0.23525386487740718,0.015130133937248071,-0.016503805233674028
0.5322853684214781,0.5251211227274304,-0.6615759951123179,0.8398660162959644,-1.9434359548680016,-0.2352719968325072,0.0150732993194613,-0.015833278601377287
0.5321499891242869,0.5255328430367703,-0.6611877741488277,0.8370386332520763,-1.9438201903034615,-0.23527623181470325,0.01394361409672372,-0.01604707004631461
0.5306312046123187,0.5224246139383091,-0.6420559276821374,0.8318206649165898,-1.9429391139783796,-0.23526091639326197,0.01499697269762066,-0.016135544149216904
0.5324989316209061,0.5253642425330458,-0.6627473488293374,0.8384830539475505,-1.9446457580950343,-0.2352641595120879,0.01502204245392177,-0.01657914665875793
0.5327626075155045,0.5277051232403638,-0.6711038055343428,0.8385225099332159,-1.9445959935931443,-0.23526041632768457,0.013754953483151422,-0.016217986765762547
0.5360294665434981,0.5299984569517413,-0.6982891504732569,0.8524325323108544,-1.9450426125923483,-0.23525377113277202,0.013893649803589864,-0.016134329384955515
0.5327175357693701,0.5270810146043026,-0.6709119936110577,0.8413463295950185,-1.9429975777625224,-0.2352654544732271,0.015131574610642675,-0.016595793441011333
0.5303530386888529,0.5210793498565209,-0.6371929434207493,0.834473013010185,-1.9423903164945369,-0.23527582426175186,0.015013813548164525,-0.01579498087617475
0.5322776138542658,0.5240653117989478,-0.6573496098871026,0.836467735677866,-1.944377692542547,-0.23528208934549255,0.015016990075610517,-0.01629446033322307
0.5327966030828506,0.5268777752187432,-0.6686954631778832,0.8358950628702813,-1.9443526462042904,-0.23526865252449802,0.013907425138419695,-0.01607235998568953
0.5325809012965603,0.5274223071506627,-0.6691068776658113,0.8384141815799344,-1.9441486319170247,-0.23526446101318843,0.015048065052076509,-0.016397366717225925
0.5304995907895602,0.5233987233684214,-0.6445625564967932,0.8347827647045349,-1.9431187811917559,-0.23526069347366274,0.013552373701732099,-0.01639059369635822
0.5358105146998122,0.5280332322965497,-0.6916593071282096,0.8522937335827194,-1.945519751576109,-0.23526581319237927,0.013733526525303312,-0.01627726867663979
0.5333192576154184,0.5277780141002806,-0.6766132248849077,0.840241500075062,-1.9434376525288988,-0.23526902857805432,0.013414138054699046,-0.01659332151833766
0.5323444326604774,0.5253221054946975,-0.6627268682816387,0.8397085550947745,-1.9433564838511472,-0.23528606840094746,0.014267535907218305,-0.015729573950962115
0.532145042774542,0.5258092051225445,-0.6619354870693863,0.8368237508043581,-1.9438060986807564,-0.2352891538632509,0.015038294283363316,-0.016058747244165648
0.5322969865720184,0.5262254949016265,-0.6636546865165363,0.8361897932320375,-1.9438882171862275,-0.23528393740311682,0.013809580467593884,-0.01618139343868219
0.5304469462768377,0.5228146539437484,-0.6423833009887989,0.8324199680805782,-1.9429688968883507,-0.23526928395809943,0.014996647156264581,-0.016226124136814218
0.5359135078325483,0.5276623788928907,-0.6910498809328125,0.8514684112843405,-1.945441665206138,-0.23526778627115963,0.013728459949784206,-0.01628968354465338
0.5333002180039976,0.5274611338147253,-0.6756375714755212,0.8403987427402031,-1.943429444671084,-0.23527071230134577,0.01348017121157502,-0.01653181727195587
0.5322713018793266,0.5251415773183998,-0.6617317853635036,0.8400539193391738,-1.943409056778191,-0.23528893601669854,0.014232329751008967,-0.015766402962841604
0.5321033476010584,0.5256790645508129,-0.6613027907703746,0.8371155235977135,-1.9438702162351165,-0.23529265877694083,0.01503966078878647,-0.016026191341058274
0.5305664343568415,0.5224394567257082,-0.6417941854062619,0.8318258901808075,-1.942925886269224,-0.23527714432371827,0.013785648589809747,-0.01616149536523563
0.5324402656838405,0.5254287857270024,-0.6625620852766376,0.8385853544107036,-1.9446708311501961,-0.23528047685843223,0.015019961076083629,-0.01657722566657669
0.5362854267096901,0.5300144166181369,-0.6998431912889851,0.8513499991389759,-1.9454011429747764,-0.23526523713511072,0.015031005491401232,-0.015857659477903078
0.5330144580049252,0.5274777749051669,-0.6737831622610786,0.841497190813782,-1.9431435360551372,-0.23527391569170053,0.015139293391909694,-0.01671488926161136
0.5304047545135644,0.521329375750339,-0.6385207112260618,0.835447881184824,-1.9424505200856803,-0.23528658151791593,0.01502297537430848,-0.015755126382529367
0.5322867473369266,0.5242158617760131,-0.6581603026551344,0.8373262949485039,-1.9444051187321492,-0.23529637174889206,0.013624117382375497,-0.01635032416739252
0.5328418781886697,0.5270371017322608,-0.6692146207529204,0.8362186929649029,-1.9444094372682281,-0.23528390990879355,0.015051557593489572,-0.016043631645400097
0.5325818635190469,0.5275276346562876,-0.6695863378574538,0.8385944627066424,-1.9441279523983352,-0.2352796934046122,0.013554623331521416,-0.016426390542579376
0.5322990311673177,0.5272836372375949,-0.6670360490467013,0.8395673050342749,-1.9441148318033505,-0.2352848493688242,0.01361896112512411,-0.016364075145295427
0.5338073643167167,0.5253825842068638,-0.6710478551423362,0.8470765912337992,-1.943908749294252,-0.2352781830179298,0.014959307675240044,-0.015986173074145453
0.5328997835062594,0.5254748009469008,-0.6671552714932467,0.8414095630832854,-1.9436337442516285,-0.23529832018799812,0.015112244908642908,-0.016838710216383244
0.5323402592954096,0.5256888646358728,-0.6627591073081511,0.8381664938119346,-1.9438407717344433,-0.23530842685815134,0.015038802869192226,-0.016170985507069927
0.5322980132359474,0.5261911694812653,-0.6637699173129974,0.8365260220356774,-1.9439185421260632,-0.23530666164035452,0.013810275587226058,-0.016178776847047695
0.5323532912958244,0.5264469257000366,-0.6647121891779264,0.836938434723626,-1.9439223945578554,-0.23530244544512158,0.013769592695765293,-0.016220207918431533
0.530476451841964,0.5228675639856366,-0.6426425449431417,0.833176677607999,-1.9430234135018978,-0.2352916423631246,0.014997182453214774,-0.016249704849356335
0.5358186449023963,0.5276748367839996,-0.690472807376632,0.8513655804857274,-1.9454908960716946,-0.23529240720061217,0.015003111410906234,-0.0162587446045723
0.5332663982791574,0.527510009141479,-0.6754524938060404,0.8401419658744924,-1.9435146973368438,-0.23529505842250487,0.015136178964622753,-0.01649999591133561
0.5322647437115142,0.5251892933914215,-0.6616572609958018,0.8397883763666307,-1.9434583076258676,-0.2353128476523345,0.015076107304168692,-0.015827278581665608
0.5321102401741351,0.5256480007482631,-0.6612226405325119,0.8369648610489193,-1.943869359956432,-0.23531674094686394,0.01504250463079317,-0.01603318154780951
0.5306028168746391,0.5224244107677842,-0.6419714992004684,0.8317509697189092,-1.942916774728264,-0.23530159193097422,0.013784739998154381,-0.016164112824330525
0.532461668195892,0.5253869873859411,-0.6625686969715394,0.838422557037152,-1.9446397116070777,-0.23530497498736036,0.015017538858613788,-0.016577583261541295
0.5362919311936238,0.5299120847924614,-0.6996432878879935,0.8510536849054713,-1.9453481397722392,-0.23529010887014934,0.0141364125843854,-0.015884356069762948
0.5330241702635004,0.5274424952336405,-0.6738225485058429,0.841368755936724,-1.9431074055262734,-0.2352984242847107,0.015132821694650602,-0.016725082597862765
0.5304413421167524,0.5213332708510388,-0.6387954278055439,0.8353971457875726,-1.9424326940384322,-0.2353109654957546,0.015021338400475806,-0.015776737508992212
0.532299721983156,0.5242008658233512,-0.6582453932024119,0.8372827752223007,-1.9443825941833666,-0.2353207887746862,0.01360879345334225,-0.01636582948813997
0.5328548727993336,0.5270035430030697,-0.6692256701753525,0.8361798191978549,-1.9443896621321928,-0.2353084573327866,0.015050356975061685,-0.016052751830187395
0.532574188541842,0.5275462765774108,-0.6695219878046554,0.8385134306495354,-1.9441603000448664,-0.2353041069334818,0.015054352025950807,-0.016406824060432285
0.5323075110300239,0.5272618105139939,-0.6670353057986711,0.8395093583042526,-1.9441170777003682,-0.2353093165574638,0.013603703291154965,-0.01637891611520109
0.5338255125256337,0.5253295459212879,-0.6711098206027124,0.8470179592588662,-1.943871878367843,-0.23530285544281515,0.013975475065967604,-0.015997066460554054
0.5329408718088642,0.5253861301377949,-0.6673364431207665,0.8414707064011848,-1.9435443122786724,-0.235323005259664,0.013114089529753745,-0.01688818442794123
0.532377156858872,0.5256365506189127,-0.6629957536913595,0.8382693901635951,-1.9437572344086496,-0.23533300275082958,0.01381336256843256,-0.016174877694174177
0.532296849370046,0.5262250643603679,-0.6638364303949391,0.8365880894316247,-1.9439234110637056,-0.2353310315238124,0.015040401555113336,-0.01616714145940877
0.5323400737212598,0.5264898951275994,-0.6646836782519578,0.8369546393353735,-1.9439662602225125,-0.23532686377292666,0.015047907197859162,-0.01621229040246778
0.5304848734667358,0.5228709737082422,-0.6426985283994746,0.8331955739553054,-1.9430396011663191,-0.23531628568551177,0.01500324477451329,-0.016257889612836914
0.5358196774469164,0.527659538424837,-0.6904372922083599,0.8513278037848302,-1.9454868764132565,-0.23531706333062097,0.015002836216001875,-0.016257332425974394
0.5332750419924981,0.5274970506499557,-0.6754791756503895,0.8401558988079012,-1.9435094014936167,-0.23531959300684058,0.015135622782128766,-0.016504414156985992
0.5322738712215997,0.5251829717370846,-0.6617130523414474,0.8398235983994207,-1.9434530102082306,-0.2353372935359861,0.015075416222799278,-0.01583349642335952
0.5321332675682964,0.5255993885498853,-0.6613212894485976,0.8370444300608497,-1.9438267209352107,-0.2353412993564188,0.013934829759387753,-0.01605593500829328
0.530598145161906,0.5224608794591168,-0.6420006693022371,0.8318061244156425,-1.9429390293519866,-0.23532600175947938,0.014996464309118378,-0.0161509255204023
0.5324630191451938,0.5253887257187282,-0.6625945875464208,0.8384597426062221,-1.9446514081085633,-0.23532952239361737,0.015023836780547195,-0.016576832886488764
0.536280809408316,0.5299283744610328,-0.6995747990927264,0.8510497347172992,-1.9453749541417338,-0.23531465009024544,0.01502971285876538,-0.015869292080035815
0.5330268885216327,0.5274402291436546,-0.6738400883815459,0.8413901739532745,-1.9431204919887914,-0.23532297075068342,0.015136756729261786,-0.016728928889571983
0.5304602433305767,0.5213011475678231,-0.638887082682607,0.8354680531302359,-1.9423995979409048,-0.2353354383988151,0.014169201998241154,-0.0157873145211705
0.5322887467407584,0.5242417545801308,-0.6582253375992932,0.8373232065925631,-1.944411766932351,-0.23534499427451827,0.015014136082363318,-0.01634681243977885
0.5328475590423203,0.5269997042966779,-0.6691759561188944,0.8362103008077133,-1.9444092804829616,-0.23533283135510885,0.01505619944773168,-0.01606899744594815
0.5325896367811858,0.5274817221650991,-0.6695422524833701,0.838576482608981,-1.9441180054185816,-0.23532870518528082,0.013549303348435848,-0.016431633540689182
0.532310622343207,0.5272467383992705,-0.667045371656064,0.839558345978034,-1.9441014794250755,-0.2353337948244194,0.01361246071111612,-0.016370467750033008
0.533814103440843,0.5253593546527062,-0.6710806897329018,0.8470438408659247,-1.9438960690584848,-0.23532715949842942,0.014958692787967319,-0.015993899110140167
0.532912887139851,0.5254626250890864,-0.667252744885448,0.8414524402124401,-1.9436250339776802,-0.23534714662474787,0.015110182329703434,-0.01684725537930084
0.5323528645239737,0.5256809129873261,-0.6628688149405866,0.8382467401461922,-1.9438322231114755,-0.2353572365409109,0.015038117893401195,-0.01617994701298294
0.5322914133045904,0.5262228143558527,-0.6637841456638967,0.8365915874887948,-1.9439527458348955,-0.23535542466199644,0.015046442939390269,-0.016164713239854446
0.5323588921089408,0.5264391695410211,-0.6647460775839082,0.8370131937828331,-1.943930801046525,-0.23535136161013526,0.013756795718189083,-0.016232628260357734
0.530488309896449,0.5228614428655849,-0.6427306238130255,0.8332627763716571,-1.9430216564850085,-0.23534060365050546,0.014996734607358043,-0.016252975478134795
0.5358222666750745,0.5276636897941636,-0.6905004397203216,0.8514203773347493,-1.945484156715704,-0.23534138935031557,0.015002545251859772,-0.016261357992581323
0.5333002877254671,0.5274465914950062,-0.6756379242304833,0.8402894798560467,-1.9434493352984532,-0.23534410146936402,0.013463575010681822,-0.01654637706040717
0.5323134301242582,0.5251307607690903,-0.6619672611750493,0.8399785238515811,-1.9433895714264775,-0.2353618953975687,0.014202208059326302,-0.015795679853750275
0.5321462594761153,0.5256145260099983,-0.6615132753710977,0.8371512106947279,-1.943806607070492,-0.235365832152711,0.013929057829771403,-0.016062204054839633
0.5306000528232762,0.5224878858562807,-0.6421174093109396,0.8318813024925671,-1.9429352409011216,-0.23535052398884204,0.014997189835999111,-0.016159501452107573
0.5324625150890308,0.5254108575515586,-0.6626615995412779,0.838520319513524,-1.9446536108115406,-0.235354069172784,0.015024970204967156,-0.016580161201635427
0.5362796307736675,0.5299442359314765,-0.6996121546892917,0.8511057942047504,-1.9453786944976095,-0.23533921006565883,0.015030461650851902,-0.01587084422249189
0.5330536610769565,0.5273815221125302,-0.6739610514249623,0.841485030611028,-1.943056102118061,-0.23534768012007312,0.01324634639269677,-0.01677005937654745
0.5304843294052377,0.5213036194798617,-0.6391063856689412,0.8355597483058999,-1.942379571110913,-0.23536013672828027,0.014229944160889891,-0.015727157348975826
0.5323235984737114,0.5242370451584302,-0.6585500344623227,0.8374311780818076,-1.9443691884083147,-0.23536981263476342,0.013604672327456723,-0.01637036113832141
0.5328666180047961,0.5270454469063273,-0.6694354033284178,0.8363229887736487,-1.944391477354035,-0.23535747967589327,0.01505135591543047,-0.016061252048506332
0.5325801648674986,0.5275762030937576,-0.6696429606744907,0.8386344040761724,-1.9441669804632564,-0.23535318527026128,0.015055274605663884,-0.016410903459773248
0.5322921773180163,0.5273287629149648,-0.6670242193080176,0.8395656881361839,-1.9441739421471471,-0.23535828560462413,0.01505799779159598,-0.016355071897674645
0.5338132655469989,0.5253788232578778,-0.6710700206725919,0.8470421122688041,-1.9439288331264226,-0.2353518186608099,0.014966526154976768,-0.015996955427399873
0.5329410616886578,0.525395635128671,-0.667337414361735,0.8414964864215557,-1.9435701036777635,-0.23537198273900195,0.01310667806205907,-0.016895877558609863
0.5323797814675251,0.5256388648060817,-0.6630060585687927,0.8383114774695946,-1.943769726088278,-0.23538191663835306,0.013815055877238504,-0.016173207415544212
0.5322993555810251,0.526225831940037,-0.6638493996599006,0.8366426019171067,-1.9439328343448974,-0.23537990391072494,0.015040517641274766,-0.01616772630964417
0.5323420678260655,0.5264894591958118,-0.6646912447947937,0.8370154946200037,-1.9439747215592158,-0.2353757362701323,0.015048025379630455,-0.016212236655027204
0.5304860782376579,0.5228702360263373,-0.6427023410338446,0.833261863915407,-1.9430481079399087,-0.235365201647598,0.01500335140426053,-0.01625748441352504
0.5358198174756463,0.5276587553395746,-0.6904353060410164,0.8513734585056039,-1.9454966662038942,-0.23536598496705352,0.015009074488623708,-0.01625578619930127
0.5333011104045919,0.527439367614563,-0.6755873738524558,0.840259515709679,-1.943456270154324,-0.23536868722198534,0.013465776973620301,-0.01654441862131406
0.5323018227667777,0.5251573195544914,-0.6618809405309927,0.8399219455717599,-1.9434287286644132,-0.23538639393790106,0.015072072178542353,-0.015774058120468747
0.5321277055956273,0.5256456966806837,-0.6613580233753682,0.8370784815794359,-1.9438620583605717,-0.23539025279483816,0.015041497107673909,-0.016035732556869957
0.5305990894239194,0.5224796236078397,-0.6420407263473278,0.8318293030527002,-1.942960894667106,-0.23537510160474895,0.01500238297722575,-0.016158767979711948
0.5324657317982835,0.5253979687228139,-0.6626207511925664,0.8384726322215101,-1.9446615289267362,-0.23537861742418897,0.015023713065249921,-0.016576124219801376
0.5362933478583196,0.5299049614492626,-0.6996289351198488,0.8510737096363501,-1.9453548096141766,-0.23536376952630533,0.014137431842655663,-0.01588357991949163
0.5330309070025647,0.5274364943183949,-0.6738448053511776,0.841416869303715,-1.9431128376534303,-0.23537203322484146,0.015132743902686539,-0.016728512702786674
0.5320028399435701,0.5247216178020908,-0.6585958784647827,0.8400428205247339,-1.943368490519326,-0.23539434345078902,0.015073406121550736,-0.015772530690247963
0.530449331354939,0.5217033832646862,-0.6390845991380907,0.8317975382254481,-1.9428361717325577,-0.23538665704078898,0.013992260853094553,-0.015958959961886787
0.5325670472768689,0.5248120248151089,-0.661334255672938,0.8369275405653376,-1.944478359713477,-0.23538519054017204,0.013466761768840665,-0.01650661454584257
0.5328349933958627,0.5274440341429782,-0.6708063632463075,0.8377448261706295,-1.9444672365376032,-0.2353756648905838,0.013808356759603742,-0.016167918928121743
0.5325168477124862,0.5276797035159531,-0.669677001870908,0.8396989262131047,-1.9442256037354504,-0.23537747036310197,0.01351226386309869,-0.016466798364883312
0.5339316349785417,0.5257166435038529,-0.6728894280635203,0.847946123478514,-1.9439554424816246,-0.2353719682330686,0.014962102647026819,-0.016067279277411563
0.5329270916500342,0.5256857085912818,-0.668065704237665,0.842085705666312,-1.9436756876967394,-0.23539511865372464,0.015114784620285041,-0.01689545931249381
0.5323579468871884,0.5257940356118986,-0.6631978667199103,0.8383621061461817,-1.9438549665552252,-0.23540678602728082,0.015041141084302899,-0.016185727606453794
0.5323261305837068,0.5262465745040528,-0.6640928663088319,0.8364504166117808,-1.9438980435365556,-0.23540504454316924,0.013801607791566493,-0.016186953542090182
0.5323821394637838,0.5265132281955429,-0.6649181136655118,0.8367880614493668,-1.9439390643617331,-0.23540020777986026,0.015041895406491094,-0.01620842046314271
0.5305000390736732,0.5228941095529196,-0.6430878079861406,0.8331260044645923,-1.94297517668595,-0.2353893795664277,0.013671518881360697,-0.016276790265523575
0.535859283250244,0.5276493185769926,-0.6905718912200021,0.8511835214143684,-1.9454474824785493,-0.23539000934814425,0.01500378954834607,-0.01627209790572031
0.5332986084805453,0.5274912229403839,-0.6755342977374079,0.8400873787066274,-1.9434952232453204,-0.2353924040651485,0.01513529324292566,-0.016517655854263284
0.5322878285871839,0.5251605615041326,-0.6618069900254548,0.839789067609507,-1.9434114711749322,-0.2354099479377929,0.014144375463147493,-0.015852510462611217
0.5321292810701586,0.5256333652075726,-0.6613187228574429,0.8369766260658302,-1.9438445011024204,-0.23541367816578074,0.015036775397875183,-0.0160432856684003
0.5306197456073152,0.5224245980171283,-0.6420899527293571,0.8317891242563835,-1.9429116828364785,-0.23539858108915457,0.01378052190400166,-0.016169038665920916
0.5324954934471551,0.5253325774525228,-0.6627485200996608,0.8384794523416303,-1.9445912305865196,-0.23540218056406204,0.013358104773683665,-0.01661208897952976
0.5363032080666725,0.5299005017735103,-0.6996915722227337,0.8510639124087795,-1.9453234128478574,-0.2353871790594182,0.014153887398078702,-0.015866884177080574
0.5330609063155434,0.5273724225584049,-0.6739747656634298,0.8414719803311019,-1.9430336844066352,-0.23539561683796428,0.013238411087343058,-0.016778160053724775
0.5320403582665323,0.5246826400731157,-0.6588218140615414,0.8401109291528694,-1.9433006550691223,-0.2354179207483238,0.014270396904039605,-0.015731294852375934
0.5304675215368198,0.5217275555737064,-0.6392879989783626,0.8318188252604299,-1.942817121541749,-0.23541022957207325,0.013987176535184394,-0.015964503963014205
0.5325772448518871,0.5248487958788077,-0.661502286527889,0.836914889266775,-1.9444735165896914,-0.23540874057206373,0.013462867077147523,-0.016511384359622773
0.5328238325883472,0.5275098839388228,-0.6708256594299487,0.8376872156873674,-1.9445038271829533,-0.23539904046595428,0.015052749435445125,-0.01614817638958285
0.5324944969472476,0.5277442954864817,-0.6695792600415791,0.8395989460251627,-1.9442901076632175,-0.23540075863973087,0.015058892173360535,-0.016448056430624122
0.5357506953930464,0.5295337639188968,-0.6951566483516629,0.8525221898794495,-1.9450524758697219,-0.23539932492529214,0.013981603288889415,-0.01605301538819502
0.5326179312658486,0.5265981156451458,-0.6688172913131352,0.8406858803675723,-1.9429003568027747,-0.23541003651522896,0.013529436435380193,-0.016495324514669993
0.5303195934672225,0.5208496820321598,-0.6362330955273254,0.833868506637887,-1.9423135667044695,-0.23541685709232407,0.014139896690132492,-0.015820338240542617
0.5322550248088413,0.5239336678866318,-0.6567906497385723,0.8362979616943917,-1.944361307167199,-0.23542144061985848,0.015014776417057837,-0.01628853261113375
0.532768610979482,0.526784284313381,-0.6682384283497429,0.8359685540976436,-1.944379530938102,-0.23540820261778528,0.013923467836097807,-0.016057416100875722
0.5307685920062104,0.5234605005921642,-0.6464454375915851,0.833950197556808,-1.9431029430814313,-0.23539579572478786,0.013515587438274485,-0.016428016388110447
0.5360215947916167,0.5282052136948625,-0.6932180264131338,0.8528267436897776,-1.945583283618383,-0.2353994114833684,0.015003574156340068,-0.016367451421641782
0.5332979691232076,0.5278436852460731,-0.6769130716629581,0.8409427504411386,-1.9435156527618114,-0.23540560989938886,0.013412692377069123,-0.01659488006801196
0.5323681367674418,0.5252815413706093,-0.6626694764245391,0.8400089282785999,-1.9434018777211755,-0.23542512332037635,0.014289718103805707,-0.015706946181686953
0.5321928861139495,0.5257385045733107,-0.662002549372624,0.8368246248663223,-1.9437855196247522,-0.2354286491668054,0.01393610487989396,-0.016054126919736077
0.5323273055005604,0.5262474074931696,-0.6637772999157283,0.8361014482335776,-1.943907152739702,-0.23542279519409526,0.01504422911292367,-0.01614624344647795
0.5305167867597067,0.522838336162601,-0.6427914960433565,0.8324669361218424,-1.9429824270100262,-0.23540830669777346,0.015003914035593523,-0.01622651893067989
0.535922340297458,0.5276048544186827,-0.6908375299084701,0.8512126292675699,-1.9454233012956479,-0.23540697944149258,0.013724066360827595,-0.016293902201136475
0.5332834936218598,0.5274362772299579,-0.6752521791722392,0.8402317128011187,-1.9434826490540829,-0.235409688338164,0.015134570574438233,-0.016464719554638168
0.5322587033061934,0.5251167972508348,-0.6614091274685068,0.8399061548041509,-1.9434402466221234,-0.2354277442742525,0.014174161606711809,-0.015822872862793557
0.530487667300843,0.5220610312704661,-0.6404104968132334,0.8324534402709087,-1.942906777676959,-0.23542139274357599,0.014996638616863407,-0.016023994600769666
0.5325505964015838,0.5250384062620501,-0.6619543206424865,0.8375038024179418,-1.9445538141301277,-0.23542345761344485,0.013424642354415414,-0.016546371961879754
0.5328147480607841,0.527601712351653,-0.6711174269167763,0.8378014567056393,-1.9445067302960464,-0.2354154093712406,0.013808168015003758,-0.016166741609870604
0.5325103960098305,0.5277867343183225,-0.6698845096712187,0.8394980572854429,-1.944225244616013,-0.23541713067657977,0.013515509461546865,-0.0164630014752776
0.5357428081787026,0.5296369390325726,-0.6953039428629975,0.8523873167321945,-1.9450534819035008,-0.23541525404208397,0.015028155042468544,-0.016020754398626935
0.5326067427759513,0.5266534028696128,-0.6688534973768361,0.8405186612630677,-1.9428870084842007,-0.23542581025138354,0.013515922750081986,-0.01650899348573108
0.5303024750163958,0.5209183295419173,-0.6362147647631637,0.8336651192074678,-1.942335126722706,-0.23543248543152195,0.015000174927028494,-0.015802308113092495
0.5322682101713063,0.5239345036116614,-0.6569306274144404,0.8361596892029031,-1.9443249327763246,-0.23543720458911466,0.013672255224217398,-0.016306804502021047
0.5327704389800489,0.5268236286831254,-0.6683577068405429,0.8358604350663228,-1.9443528823160285,-0.2354237389860483,0.013933364854914056,-0.016047529753919983
0.5325442335767354,0.527404633646209,-0.6688137358028596,0.8383951494184387,-1.9441757834668518,-0.23542008906747292,0.015049863727688803,-0.016384669656694727
0.5304385922315955,0.5234288128984232,-0.644139474828699,0.8346584700081259,-1.9431920718822093,-0.23541656079083495,0.015013349217413102,-0.016366763046303925
0.5357764597998376,0.5280742203073743,-0.6914238159183617,0.8521709160675348,-1.9456162087751814,-0.23542187945582338,0.015017629657076904,-0.016270165098572875
0.5332764712280795,0.5277964952995786,-0.6761984006818862,0.8400133517195068,-1.9435376412712202,-0.23542496321624373,0.015142724228107442,-0.01651595011193034
0.5322977788748986,0.5253408478855501,-0.6623211592394123,0.8394899394859765,-1.943396486827976,-0.23544219216067308,0.014198472423443263,-0.015797634847054556
0.5321222496676725,0.5257998927763232,-0.6616796765467479,0.8366124863212772,-1.9438196395594698,-0.23544538396369763,0.015039181098708944,-0.016049061522958107
0.5305693357039836,0.5225892742704756,-0.6421132723881158,0.8313002641357787,-1.9429243092973776,-0.23542959823261267,0.015002348120231095,-0.01617267068894571
0.5359427088750817,0.5275570559595408,-0.690810138824915,0.850173334425854,-1.9453246750800375,-0.23542410637806022,0.013745004616487973,-0.016274141366058148
0.5333462945946703,0.5273432789669679,-0.675512402228577,0.839939722505564,-1.9433370386269324,-0.23542502368075535,0.013481465575824437,-0.016530480252137845
0.5322897476785489,0.525068601235219,-0.6616052441632387,0.8399398995943699,-1.9433722624837237,-0.23544298043748935,0.01421125133255147,-0.015787217006378168
0.5321304334718038,0.5255519582784247,-0.6611576402821493,0.8371052844595477,-1.9438233602726136,-0.23544720996130142,0.013952111666162049,-0.016039369730376722
0.5305710180896517,0.5223885949643163,-0.6417751196842669,0.8318170097328847,-1.9429033908381452,-0.23543183748167973,0.013801533613256981,-0.01614639036545925
0.5325263334934789,0.5252999489370227,-0.6627129055848062,0.8385783164251679,-1.9446017450984208,-0.23543521382878563,0.013360645404205479,-0.016609291033964003
0.532703951353497,0.5278158062220282,-0.6710450465412503,0.8386039757676009,-1.944650376977533,-0.2354311003509526,0.015058078632629443,-0.016163831038483716
0.5359895568800219,0.5301458415156608,-0.6984962181240224,0.8526784115147725,-1.9450918913044433,-0.2354241827961685,0.01503530908480497,-0.016123704245864103
0.5327616795823538,0.527080086344573,-0.6708694988541257,0.8414092476109394,-1.9430464256362674,-0.23543631552657285,0.015139743060794002,-0.016578500923815073
0.5302581167988087,0.5211206499933585,-0.6368644703541602,0.834456216931776,-1.9423914801483217,-0.23544673811436478,0.015015606057075307,-0.015768542239514426
0.5322810216434126,0.5240249374581225,-0.6572969776556663,0.836443122935635,-1.9443491613204387,-0.23545321622234905,0.013667789400489044,-0.016309258220285082
0.5327846106433576,0.5269355913031957,-0.668648201261214,0.8358449058863844,-1.9443843288113127,-0.23543938459430613,0.015049206808516853,-0.016028789768772173
0.5325571830630338,0.5274777209333861,-0.6691063869814764,0.8383972942781206,-1.9441703132902672,-0.23543518903966998,0.015054677835129404,-0.016398665439663333
0.5304580449619687,0.5234714972676411,-0.6443828145914239,0.8347092690733744,-1.9431751510884236,-0.23543128349258247,0.015012970510321577,-0.0163716526453683
0.5357887444588636,0.5281083193920635,-0.6916172764506001,0.852320382465904,-1.9455815191806405,-0.23543636373817733,0.015011104289229964,-0.01625266598403898
0.5332967400003641,0.5277965002356941,-0.6765015506925103,0.8401662925920563,-1.9434621664252383,-0.23543966401753025,0.013420995745553993,-0.016585525174435158
0.532324828381479,0.5253316034282101,-0.6626248786118829,0.8396474038741131,-1.9433686860426542,-0.23545673519709354,0.014274133429899168,-0.015722243169024992
0.5321393941262622,0.525782227392587,-0.6618995565705461,0.8367892859028512,-1.9437787626149792,-0.23545988596595713,0.013920991112914557,-0.016069021454573014
0.5305693620561716,0.5225424563825793,-0.6421301162341218,0.8314358027785893,-1.942866031486247,-0.235443900063669,0.013760359628601504,-0.016185473707133354
0.5359603233635246,0.5275884521932168,-0.6910607317206532,0.8504829397752669,-1.945321007952546,-0.235438163993817,0.013740189108098827,-0.01627920016563205
0.5333450319602475,0.5273803029167761,-0.6756389321688046,0.8401377440470821,-1.943341085207071,-0.2354391534804181,0.013473654762634454,-0.016539255715548113
0.5322834029899015,0.5250821530352425,-0.6616125684881355,0.8400988730620131,-1.9433790692885502,-0.2354571895172759,0.014223801799795717,-0.01577524106350058
0.5321121351078553,0.5256080679869131,-0.6611227458329143,0.8372080320150719,-1.9438681650614056,-0.23546123709278977,0.01503876525984249,-0.01601940714971623
0.5305616546428302,0.5224032043815443,-0.6417317866437795,0.8319146853535209,-1.94292625149399,-0.2354457919721913,0.013802626644441741,-0.016144972113942217
0.5325068959571189,0.5253762133927848,-0.6626824644487002,0.8386769468160225,-1.944667230396881,-0.23544887609643084,0.015018786304576762,-0.01658136758248755
0.5327094027186687,0.5277946323105223,-0.6710803452801457,0.8387244395131788,-1.944647227726139,-0.23544500187880324,0.013772018357709345,-0.016200892691869306
0.5359918403271289,0.530151356585912,-0.6985334910870868,0.8528284373414285,-1.9450943096582893,-0.23543794064729262,0.015029282068536206,-0.01610422047540347
0.5327557389930666,0.5270815730140148,-0.6708394915556521,0.84150964072969,-1.9430538032537754,-0.23545013430548156,0.015139908167497631,-0.01658353698964914
0.5302487914674101,0.5211110965137626,-0.6367738078047935,0.8345337973891365,-1.9424002463776553,-0.23546056968700757,0.015015325451061552,-0.01576437857509315
0.5322605997014511,0.5240705217317352,-0.6571958816489634,0.8364880533321601,-1.944401647536682,-0.23546685794717437,0.01501842753834678,-0.016285544831131305
0.5327873982910747,0.5269022742958898,-0.6686253954566403,0.8359026316166691,-1.9443784816843284,-0.2354532430130325,0.013919447393385643,-0.016060287979275945
0.5325708362921135,0.5274155262645266,-0.6691205671262654,0.8384784706748949,-1.944122960360648,-0.23544916801346272,0.013568007611743038,-0.016413923630570246
0.5304550170979967,0.5234585519783179,-0.6443459769585136,0.8347722657162828,-1.9431603161899869,-0.23544512271012152,0.015005873041242223,-0.016361943479314963
0.5357884354741955,0.5281152100666437,-0.6916389691875668,0.8523776833300234,-1.9455873838265125,-0.2354501864226517,0.015010360651269228,-0.016251246944920444
0.5332954210878516,0.5278088858857224,-0.6765194463182596,0.8402061413130992,-1.9434713847222813,-0.23545357182294602,0.01341664293283298,-0.01659078444348015
0.5323105929572005,0.5253631647053147,-0.6625596080799898,0.8396380992697656,-1.9434080198443118,-0.23547067803480637,0.015079853929703362,-0.015700624909423054
0.5321257370571741,0.5258304777382028,-0.6618357349219028,0.8367626471360667,-1.9438328468178305,-0.23547377292163318,0.015042696593944367,-0.016051015753567512
0.5322832863302294,0.5262479716716966,-0.66360708426987,0.836147031283855,-1.943901884018893,-0.23546848286424904,0.013815751769339727,-0.016174814227023687
0.5304259933320701,0.5228186781290676,-0.6422395782805248,0.8323647526517357,-1.9429749526908724,-0.2354537012126281,0.014996723620028895,-0.01622357636196107
0.5359086730790148,0.5276868972510877,-0.6910996537479663,0.8515441991217463,-1.9454509175567232,-0.2354521817275188,0.013730150190569546,-0.016287874362543683
0.5332916690136829,0.5274844388018769,-0.6756533408430334,0.8404009625472932,-1.9434346823049555,-0.23545520503265926,0.013484959221719137,-0.016526616462101615
0.5322487896245578,0.5251881783991097,-0.6616739316197195,0.8400231496993529,-1.9434451557858186,-0.23547347545156505,0.015075202438637615,-0.015740819477642703
0.5304558203600118,0.5220575990560237,-0.6403772889941202,0.8324428181526518,-1.9428618150264976,-0.23546695465979184,0.013906318766370294,-0.016040722746861438
0.5325228932984363,0.5250924814312112,-0.6619852084382059,0.8375724749990905,-1.9445455052773761,-0.2354689555741789,0.013409764856238689,-0.016560975760689853
0.5327919396698224,0.527682653790511,-0.6712133838628231,0.8378428071649386,-1.9445125307129185,-0.23546075670188849,0.01379743302401833,-0.01617727279908319
0.5360537101860725,0.5300499256247448,-0.6987000360986491,0.8525257193335412,-1.94505362572382,-0.23545199567112007,0.013894116606832116,-0.016136363206187394
0.5328027726187052,0.5269447986804465,-0.6709061295942114,0.8415804124830464,-1.9429139194141047,-0.23546424709689706,0.013384414749966204,-0.016638429244336658
0.5302922715513816,0.5210432514408891,-0.6369712405296681,0.8346505731507312,-1.9423165994850464,-0.23547486361227588,0.014216904614873342,-0.01574205977884287
0.532291034437038,0.5240651815764092,-0.6574218537914192,0.8365593151256183,-1.9443698654859887,-0.2354809200982375,0.01501412249880317,-0.016301343107171656
0.5328071706756239,0.526906324547534,-0.668802167541525,0.8359958101554303,-1.9443637686212938,-0.235467143227301,0.013911794321405812,-0.016068681553053764
0.5325643567775389,0.527465299289636,-0.6691462164270288,0.8385588076772548,-1.9441622297344345,-0.23546283579491512,0.015049329150059725,-0.01639096253764147
0.5322740150368999,0.5272233221881732,-0.6666560305862355,0.8395678580143571,-1.9441636790162216,-0.2354684598179171,0.013620891953266243,-0.01636280383041087
0.5337575276411943,0.5253347365373173,-0.6708522674071249,0.8471299977781301,-1.9439014324632922,-0.23546196064307168,0.013984871640525916,-0.01598749599271622
0.5329575694132505,0.5253273881630438,-0.6670776699406948,0.8414569299484089,-1.9435642301913143,-0.23548257644323556,0.013122929540705952,-0.016880582275575977
0.5323171805610674,0.5256717173863974,-0.6626483449996892,0.8381823098257151,-1.9438229569660992,-0.23549262224350187,0.015030030595622051,-0.01613792254425585
0.5322933009189033,0.5261854660189069,-0.6637199659118753,0.8365057896005297,-1.9439215120866127,-0.23549097319611612,0.013809471453264062,-0.01618003930386368
0.5323260952108821,0.5264978553002271,-0.6646006653827374,0.8368642428743449,-1.9439680346191874,-0.235486753348777,0.015043471526542604,-0.016194822047251173
0.5304681196144374,0.522875274307852,-0.6425727096613025,0.8330801947273896,-1.9430472764228162,-0.2354762140056783,0.015003924453262804,-0.016255685872750218
0.5358087348748208,0.5276662239136201,-0.6903607124051643,0.8512326609113146,-1.945496333702903,-0.23547708556130154,0.01500485443005892,-0.016256729273488063
0.5332633324065155,0.5274995273892404,-0.6753751081093498,0.8400140263363367,-1.9435148210839266,-0.23547971162712322,0.015136108803602576,-0.016490377169359964
0.5322646575330383,0.5251883590662807,-0.6616332643333855,0.8396693597333096,-1.9434587357671074,-0.23549747570546664,0.015076713767134478,-0.015827086674627774
0.5305014415247928,0.5220654575551835,-0.6406589975672272,0.8322951707334045,-1.942858464179647,-0.2354912751010625,0.013898318738845894,-0.016051135920973736
0.5325457555270985,0.5250355457403364,-0.6619413928878792,0.837324218583742,-1.944512552822558,-0.23549350632654775,0.013412467902496847,-0.01655886873657749
0.5328133898891716,0.5275974258387626,-0.6711007834516902,0.8375906645181352,-1.9444776172117404,-0.23548548789099222,0.013789491760648009,-0.016185674630733157
0.5360426970804264,0.5299510160304575,-0.6983653201356539,0.8520293112630757,-1.9450575126939773,-0.2354770753370703,0.013880703944722187,-0.01614862764762278
0.5328026656164111,0.526954024669072,-0.6708199365819443,0.8412525126137913,-1.942950678263501,-0.23548877171502713,0.015129990092789161,-0.016607542477497877
0.5303188115337951,0.5210465430615958,-0.6371163821505874,0.8344604926771018,-1.942318042083385,-0.23549926887914285,0.014152130225733452,-0.015807358943091283
0.5323017047584271,0.5240174717732193,-0.6573557867800597,0.8363953828814612,-1.9443458696432163,-0.23550540883762583,0.015011790710523682,-0.016310733125147553
0.5328180648997609,0.5268394392017459,-0.6686975686635614,0.8358507638686605,-1.9443382719140798,-0.23549181366846295,0.013906513058398467,-0.01607395895882835
0.5325790103233814,0.5274067554456989,-0.6691013301068169,0.8384198576191784,-1.9441384297462392,-0.2354875448638376,0.015047750810329335,-0.016395792299858405
0.5304868942753238,0.5234252724810187,-0.6444760550275763,0.8347917859142768,-1.9431602564077721,-0.23548374471147238,0.015011924250073281,-0.016373820517528594
0.5358093662586674,0.5280179123127748,-0.6915924718503677,0.8522919382140026,-1.94553301278604,-0.23548902075323763,0.013738078904888141,-0.016272750821854566
0.5332950695150283,0.5278117273116143,-0.6764427337170256,0.8401904819050454,-1.943500206546176,-0.2354921151942202,0.015137271149061413,-0.016546450465683312
0.5323151286748837,0.525328446865708,-0.6624859511751966,0.8396583638730721,-1.9433829767132424,-0.23550912170165272,0.014198117022487366,-0.015797167762327032
0.5321425772100996,0.525727205713606,-0.6617412291247318,0.8368203816570317,-1.9437782184974548,-0.23551243676810518,0.013920956670927298,-0.016069087571257232
0.5322925583393561,0.5261677455042904,-0.6634805743649972,0.83617787148905,-1.9438741173841496,-0.2355072039640147,0.013819962302079512,-0.016170941057984105
0.5304651671239791,0.5227284269383139,-0.6423483790820095,0.8324484782183577,-1.942923102915863,-0.2354927211872937,0.013711799862138021,-0.01623385994142723
0.5359145240010248,0.5276183318523513,-0.690942547124819,0.8514336432763088,-1.9454188865971629,-0.23549115727139913,0.013725260183937538,-0.016292677577955852
0.5332761006937305,0.527494617275253,-0.675477678394647,0.8403403672203194,-1.9434835354148952,-0.23549392699899308,0.015131640201462498,-0.01648928736763141
0.5322451467867362,0.5251512892034178,-0.6615280081277168,0.8399946915982941,-1.943432086952038,-0.23551218829092768,0.014167695127812886,-0.015829392531841777
0.5321083115672813,0.5256086913123115,-0.6611852762030734,0.8370957008063398,-1.9438411002100384,-0.23551618743025315,0.013948642850868043,-0.01604252888142681
0.5305553194631925,0.5224502056288962,-0.6416824753177641,0.8317880578879793,-1.9429519057914622,-0.23550055604390252,0.014997658314901439,-0.01613988317270916
0.5324592814957949,0.525349817718209,-0.6625620959561029,0.8385542691156713,-1.9446289221233455,-0.2355042458408736,0.013370581902864652,-0.01659857386912432
0.5362946982258991,0.5299785205932075,-0.6997853033865784,0.8512797921783042,-1.9453785897705096,-0.23548895114472135,0.015022999647911494,-0.015841602671681537
0.5330111064779919,0.5274794748364089,-0.6738162546214808,0.841478037659309,-1.9431299374445175,-0.2354975207803962,0.015138673603746412,-0.016714881706026755
0.5304207490943531,0.5213358736769331,-0.6386258183459175,0.8354530881919029,-1.9424487056845976,-0.23551024758755634,0.015023098923508537,-0.01575878794080559
0.5322906571425223,0.5242169241236496,-0.6581972768585258,0.8373134006480738,-1.9443988195762563,-0.23552011436540443,0.013623004032526267,-0.016351484482630935
0.5328485710659576,0.5270275343873339,-0.6692219582606151,0.8361945374481579,-1.9444027598496216,-0.23550771173134066,0.01505154343396448,-0.016044229253057395
0.5325678953112858,0.5275687754576452,-0.6695159499404921,0.8385267189338492,-1.9441716939724358,-0.23550333317877126,0.015055412250931415,-0.016399938092261934
0.5323006876636667,0.527279887108766,-0.6670142151882752,0.8395155703303665,-1.9441275799693685,-0.23550856225569383,0.013610675157858937,-0.0163719899410563
0.5338238589905293,0.5253401858703937,-0.6710803717384666,0.8470359237652021,-1.943881552011459,-0.23550207018469482,0.013981562447261366,-0.015990887191917266
0.5329075690621279,0.5254566353637191,-0.6671481555168075,0.8413894694442057,-1.9436159841491527,-0.23552203010849748,0.015109714515335694,-0.016836715205648244
0.5323461339895603,0.5256773489690394,-0.6627606075597523,0.8381589357543664,-1.943832138530178,-0.23553210072753838,0.015038280491762847,-0.01617056355026785
0.5323023889487688,0.5261818735411472,-0.6637714724167134,0.8365243206154567,-1.9439138114646894,-0.2355303537457809,0.013810754238415324,-0.016178174763737792
0.5323569917534492,0.5264393085254593,-0.6647164073368694,0.8369369538050115,-1.9439187573371388,-0.23552615559455958,0.013770304692807423,-0.016219388266624748
0.5304822011267971,0.5228635476476704,-0.6426666626812123,0.8331813362655369,-1.9430207771498225,-0.2355153706673656,0.014997151338608964,-0.016248517322339014
0.5358338041180088,0.5276271933639194,-0.6905148597406505,0.8513690892487036,-1.945455291941271,-0.23551630000583224,0.013737567837654587,-0.01627842569456634
0.5332743111775597,0.5274955880565555,-0.6754621983314859,0.8401680522838664,-1.9434910893720936,-0.23551888304179158,0.015131115551879739,-0.01648854889573096
0.5322851365574719,0.525152748237165,-0.6617262317232218,0.8398260179450503,-1.9434110616184377,-0.23553664732031976,0.014152002760795238,-0.015844697632898884
0.5321168665797282,0.5256410300279848,-0.6612556232326519,0.8369756011324494,-1.9438507542593335,-0.23554047400982725,0.015038179979870033,-0.016034871900006346
0.5305913215003741,0.5224704822455735,-0.641947756225588,0.831728500951149,-1.9429535884589244,-0.23552525082252185,0.015002261056993607,-0.01615340203889008
0.5324593590553333,0.525391883209581,-0.6625564519346545,0.8383854429917577,-1.9446561337821757,-0.23552876254351585,0.015024518257949536,-0.016573274685906258
0.5362799047712938,0.5299300457497633,-0.699544939241032,0.8509840506323982,-1.945377009066414,-0.23551385593320173,0.01502993939142818,-0.0158658159217636
0.5330216467519859,0.5274375966874549,-0.6737718409599118,0.8413136745387133,-1.9431208384387961,-0.23552217028268263,0.015137202804794959,-0.016721832534405952
0.5304543315358172,0.5212970102836687,-0.6388038461987025,0.835391235643999,-1.9424009307920347,-0.23553461472955473,0.014173245607009237,-0.015783162221239676
0.5322843648440179,0.5242399624417997,-0.658170455248241,0.8372494799116277,-1.944412686560229,-0.2355441582567872,0.015013044742509038,-0.016344562100836436
0.5328431467331489,0.5269996467225146,-0.6691332551806379,0.8361390407652829,-1.9444098265410403,-0.23553198870897685,0.015056138289872761,-0.016065747002881624
0.5325853182189322,0.5274823215745403,-0.6695050061849823,0.8385093786381992,-1.9441183524077132,-0.23552786035035123,0.013552483739980064,-0.01642843760100939
0.532306520580776,0.5272478606974014,-0.6670125089053851,0.839495854113351,-1.9441014942627612,-0.2355329556522312,0.013615666074395554,-0.01636725766969696
0.5338126559722047,0.5253581959359881,-0.6710458455252084,0.8469909611882249,-1.9438955088921874,-0.23552630964847232,0.014958877772325909,-0.015991253597395186
0.5329070559792521,0.5254550600783867,-0.6671784686628346,0.8413826113101512,-1.9436224228287466,-0.23554632866328795,0.015110554616831483,-0.016853423331485845
0.5323632021914859,0.525631963077128,-0.6628563656254638,0.8382040558679451,-1.9437866741289422,-0.2355565337844734,0.013793065207535461,-0.016194694325427098
0.5322890657601018,0.5262135989162502,-0.6637448805992952,0.836531696357965,-1.9439330664547736,-0.23555459026220316,0.0150403253912738,-0.01616059342302513
0.5323370188979792,0.5264842447059896,-0.6646463932506803,0.8369162085686481,-1.9439693181965048,-0.2355503741428704,0.015047801011791557,-0.01620972062918307
0.5304957044415541,0.5228165937069189,-0.6427040867428548,0.8331976842473496,-1.9429941644626698,-0.23553983494653785,0.013678557344290373,-0.016269326886874724
0.5358370456135821,0.5276146399487187,-0.6905260453974646,0.8513923336871025,-1.9454380308038868,-0.23554066988886113,0.013734220284005321,-0.016281388453366446
0.5332804401306133,0.5274968369613262,-0.6755294413149846,0.8402090853015798,-1.9434850738203826,-0.2355431982665177,0.01513289634868314,-0.01649600708844032
0.5322760859276583,0.5251879429536128,-0.6617423144279391,0.8398502002836219,-1.9434438468394832,-0.23556096058249487,0.015075298609966259,-0.015830217510616404
0.5321345737623764,0.5256051434065494,-0.6613400899717945,0.8370494419170944,-1.9438226135260521,-0.23556500027333271,0.01393540853499049,-0.01605538312985288
0.530616321933417,0.5224234590510592,-0.6420828157840575,0.8318250789732238,-1.9428979276104332,-0.23554985775049264,0.013787588829004372,-0.016161697279320125
0.5324701683981754,0.5253857821362002,-0.6626316340043452,0.8384590118684772,-1.9446294533466473,-0.2355532202784829,0.015017337367151504,-0.016580785565523934
0.5362918045423797,0.5299000164826788,-0.6996100114599404,0.8510479747861819,-1.94533981421214,-0.23553837570983394,0.014135130197667146,-0.015885767887752006
0.5330281685149956,0.5274347239602619,-0.6738236864407767,0.8413851026297845,-1.9431045483518679,-0.23554662908614876,0.0151325476394354,-0.016726661165471883
0.5304499535911962,0.5213362855704444,-0.6388535084145488,0.8354279400699269,-1.9424332047452273,-0.23555915207534728,0.015021284091120603,-0.015778664087888885
0.5322893792367802,0.5242472467993755,-0.6582101316120887,0.8372743957688504,-1.9444227007367196,-0.23556874576732145,0.015017871611470307,-0.01634289759900368
0.5328504481589391,0.5269967492336001,-0.6691653481367883,0.8361678277312032,-1.94440977660207,-0.23555654962716588,0.01505643384095582,-0.016066778964276704
0.532573701304992,0.5275275604386698,-0.6694615991499955,0.8385038736648616,-1.9441658895782599,-0.23555222933089937,0.015054384710990453,-0.01640440339555612
0.5323094535873274,0.5272460463236364,-0.6670055362274656,0.8395055752005218,-1.9441183565192226,-0.23555739785455732,0.013604978842569917,-0.01637753329202595
0.5338163061100731,0.525350635014493,-0.6710507939556853,0.8470000231802626,-1.943899647568017,-0.23555076914835116,0.014958762614297658,-0.015990314953110145
0.532939090932552,0.5253827879344124,-0.6673237448348903,0.8414680202752622,-1.943557690597589,-0.23557097184114184,0.013103381592055183,-0.016898851232679285
0.5323756193017397,0.5256304378155106,-0.6629835256085936,0.8382854135985012,-1.9437621279481396,-0.2355810008923811,0.013812913599653736,-0.016175178819071764
0.5323117119604799,0.5261774293814234,-0.6638945696414336,0.8366414994817939,-1.9438859531132877,-0.23557921489573896,0.013799985020662703,-0.016189545456267565
0.5323438894820214,0.5264813672208808,-0.6647086597812493,0.8370013038731505,-1.9439492790745758,-0.2355749494658026,0.015042033765432089,-0.01620553681045193
0.530503085271774,0.5228242956418496,-0.6427813381000336,0.8332628088303338,-1.942991679570242,-0.23556450147868357,0.013675399890719635,-0.01627279200276542
0.5358213777757541,0.527651145941122,-0.6904392271372393,0.8513601441145182,-1.9454687097114771,-0.23556521419634446,0.01500532874644796,-0.016262030708717998
0.5332756137583292,0.5274961715218875,-0.6754781388103259,0.8401839517118184,-1.9435056664841515,-0.23556776382673572,0.015135748463508594,-0.01650604451755921
0.5322749040321035,0.5251829122175051,-0.6617095653146032,0.839834092949225,-1.9434531706446618,-0.23558548429765924,0.015075468194635202,-0.015832163460497806
0.5321196665962287,0.5256385517453284,-0.661260908793186,0.8370153463904533,-1.943865690881717,-0.2355893892422758,0.015042075837138064,-0.016036281085053727
0.530616359034271,0.5224247743103332,-0.642063316108521,0.8318140837820902,-1.9429171255469706,-0.2355743265657937,0.013783549192547269,-0.016165900072529566
0.5324716290903062,0.5253814247010755,-0.6626187599381197,0.8384565535962665,-1.9446372599453445,-0.2355776996849821,0.015017720210499318,-0.016578997164634714
0.5362820746760493,0.5299236473327493,-0.6995590350509797,0.851023142241436,-1.945370888254403,-0.23556280551356323,0.015029286736558803,-0.015870108730126717
0.5330281187449293,0.5274367153470525,-0.6738251150413239,0.8413787921141509,-1.9431211599873617,-0.23557113111709782,0.015136710078909273,-0.016728597006865003
0.5304641660320959,0.5213033564737088,-0.6389030078702209,0.8354610147987902,-1.942402576111581,-0.23558363293523854,0.014170271328274028,-0.015786743391485603
0.5323084316745739,0.5241939039294898,-0.6583016169134686,0.8373316454700346,-1.9443723565868911,-0.2355934121808012,0.013604842835041335,-0.016370256336566538
0.5328740239721057,0.5269590622337343,-0.6693082950764024,0.8362510318755518,-1.9443516670556855,-0.2355812731854794,0.013901471366962166,-0.01607739933891289
0.5325815390435746,0.5275360920082406,-0.6695602287432179,0.8385642140616199,-1.9441443782903338,-0.23557684799651568,0.015048761902712742,-0.016399347609398464
0.5323125723365578,0.5272565205156337,-0.6670596610701693,0.8395433007093462,-1.9441142249020489,-0.2355820626209777,0.013601518390423329,-0.016381622242751318
0.5338279774087384,0.5253266619507899,-0.6711092879226976,0.8470170609801686,-1.943873975396377,-0.2355756863542524,0.013976884536316691,-0.015995911386836634
0.5329448712932168,0.5253831121292043,-0.6673406437750371,0.8414712540387947,-1.9435475813705114,-0.2355957937544524,0.013113479063693988,-0.016889331321119902
0.5323663355754471,0.5256732702326508,-0.662938367891754,0.8382416947426004,-1.9437991811935822,-0.23560562651063321,0.01502871800188793,-0.016155145109335294
0.5323149172337329,0.5261825953983319,-0.6638884048191276,0.8366042927719741,-1.9439019705154887,-0.23560390653579955,0.013799565544635503,-0.01619004088117386
0.5323645392265988,0.5264328556608877,-0.6647663186865937,0.8369977106417723,-1.9439133362046972,-0.2355998049624244,0.013764111198895795,-0.01622615414210957
0.5305152930501329,0.5228204569807398,-0.6428467397437121,0.8332647611231989,-1.9429797736987329,-0.23558930155675828,0.013683625875379472,-0.016265004578571968
0.5358371712554462,0.5276075982726827,-0.6904861177830339,0.8513298266401117,-1.945432120596207,-0.23559011417745612,0.013733394810178493,-0.016282713178275593
0.5333066117010876,0.5274278629858893,-0.6755784249728256,0.8402330782635792,-1.9434282136641174,-0.2355927658673176,0.013474438491188788,-0.016536915290008006
0.5323194266658913,0.5251218422474473,-0.6619114275378051,0.8398836171979971,-1.9433840235035031,-0.23561050117392046,0.01420745237617102,-0.015791351879039375
0.5321485682760523,0.5255953137250238,-0.6614062307430668,0.8370287714088462,-1.943806869201694,-0.23561442899006035,0.013937006268490489,-0.01605481318172244
0.5306277631219203,0.5224338378262097,-0.6421564563316995,0.8317931112042114,-1.942902509187503,-0.23559937878851667,0.013782661094851618,-0.016166836967775124
0.532477680607764,0.5253918881423045,-0.6626673220815222,0.838377036424685,-1.9446353280385527,-0.23560271080946116,0.01501854219430768,-0.01658363736680108
0.53629010356343,0.5298902104545808,-0.6995236693492197,0.8509093827832324,-1.9453445674059582,-0.23558781657953798,0.014139964775044783,-0.01588152344016654
0.5330267985444328,0.5274212066440835,-0.6737200989306702,0.8412740459951262,-1.9431115436501019,-0.23559604817419544,0.015132876745044477,-0.016725007739335856
0.532000059548948,0.5247096837641108,-0.658478981454282,0.839888937319687,-1.9433704243040353,-0.2356183218531589,0.015073037992460724,-0.01577140000153049
0.5304380603608125,0.5217316382154156,-0.6389618698209052,0.83163337270061,-1.9428764181797105,-0.23561058695956127,0.014997049311938813,-0.015943187771577987
0.5325459757342825,0.5248605566091893,-0.6611822387064183,0.8367091697550606,-1.9445395133365775,-0.23560894634257679,0.015021920200980558,-0.01647383614672674
0.532807824553756,0.527470073556418,-0.6705793902333266,0.8375057270011661,-1.9445328830445696,-0.23559939424744591,0.015058848512591065,-0.016155509966871512
0.5324863926633006,0.5277082634873995,-0.6694214213213581,0.8394541120470853,-1.9442984900055649,-0.23560114852988256,0.015058781824314894,-0.016442348162956685
0.5339259498205626,0.5256910690910637,-0.6727264931389376,0.8477406467596147,-1.9439823712227788,-0.23559574271702477,0.0149689512074659,-0.016067774792345165
0.5329256325566414,0.5256637220746159,-0.667977408388241,0.8419426047378842,-1.9436813714967727,-0.2356188689976264,0.015113684916616556,-0.016892257173286764
0.5323539477664907,0.5257802671012204,-0.6631365373110674,0.8382575796546679,-1.9438553852574643,-0.23563054636531966,0.015040465566624202,-0.016183505829825764
0.5323048572699687,0.5262791225495054,-0.6639790939080701,0.8363396986433091,-1.9439373168068368,-0.2356287242600752,0.01504714908499694,-0.016163944240833443
0.5323903329289417,0.5264652373587362,-0.6649111336069673,0.8367345701003899,-1.9439093737835602,-0.2356241844769924,0.013752898236826436,-0.016236066898023625
0.5304773970503662,0.5229203377347815,-0.6429545420992397,0.8330412026549041,-1.9429977784071646,-0.23561309852090417,0.01499650165643656,-0.016253463496168068
0.5358572636954468,0.5276553421574892,-0.6905843604692166,0.8511626433226347,-1.9454572195068378,-0.23561389515907116,0.015000693963813025,-0.016269883202177485
0.5332928087240676,0.5274923254361612,-0.6755244614595117,0.8400410176286357,-1.9434927340394115,-0.23561631364503732,0.015135870539473285,-0.016515724196131426
0.5322664111029374,0.5251917441455882,-0.6617267641258824,0.8397287904067632,-1.9434432793627794,-0.23563386260370223,0.015074280582490296,-0.015835299540391253
0.5321365955155679,0.5255969986611095,-0.6613327199285823,0.836973954610932,-1.943813886840191,-0.23563777471719582,0.013931073207344345,-0.01605963645406412
0.5305990186833958,0.5224556603736303,-0.6419922689801458,0.8317514010788605,-1.9429291506327209,-0.23562236797205216,0.014995907361369038,-0.01615095929739789
0.5324874667477619,0.5253396449288728,-0.6627290457223163,0.8384797324574587,-1.9445972578718225,-0.23562606084669735,0.013360010272877303,-0.01660933775956558
0.5362949177521052,0.5299372742626574,-0.6997028122808002,0.8510951082625429,-1.945344732657813,-0.23561098067769137,0.015021214599862978,-0.015849979304402573
0.5330300816331928,0.5274574340763412,-0.6739157975715173,0.8414247621029212,-1.9431072875371687,-0.23561925222592706,0.015136523798895359,-0.016739624460000442
0.5319988450231143,0.5247301653734997,-0.6586079074357718,0.8400579009848368,-1.943360532212802,-0.2356415894345787,0.015072772529501814,-0.015773039390609738
0.5304462435923307,0.5217060902978385,-0.639075482250548,0.8317999038561252,-1.94282718077055,-0.23563389607714313,0.013994038129311848,-0.015957647247696476
0.5325671816747954,0.5248224492441009,-0.6613745749806696,0.8369458409939687,-1.9444718957248197,-0.23563240813445763,0.013469284373650808,-0.016504283803837512
0.5328346486490725,0.5274539936428653,-0.6708429256306108,0.8377662986704779,-1.9444596218439987,-0.23562284262126543,0.013807755505748098,-0.016168683540105547
0.5325147829657864,0.5276848222739501,-0.6696878746642412,0.839723569085888,-1.944217795761392,-0.23562461308890814,0.013512181100955409,-0.016466980652805264
0.5357556759811155,0.5295396939924988,-0.6952761997829038,0.8526606895253765,-1.945055696963216,-0.2356230464584197,0.0139853355938455,-0.01604896477922829
0.530990522101555,0.523175648165684,-0.6485162891098222,0.8359335488444906,-1.941974153262212,-0.2356281947561678,0.015082206861169878,-0.01646843001782003
0.5319819080382695,0.5233605093557792,-0.6543259242876083,0.839638642051268,-1.9438990391245143,-0.23565059289698898,0.013334435843303873,-0.016647756686451576
0.5324810043384556,0.5260984632625405,-0.6644823362345456,0.835632591990227,-1.9442743042360293,-0.2356450626307769,0.015044878873417291,-0.015880476198304187
0.5325658293839144,0.5268498822332806,-0.6670532545877528,0.8367218844850663,-1.9440665763900071,-0.23563694989355,0.015049504838207516,-0.01628516794734953
0.5305555279371887,0.523237941828306,-0.6443884431550888,0.8337527039320181,-1.9430677143934432,-0.2356274593698897,0.015007143442267164,-0.016328541723400453
0.5358795983389077,0.5278219192480922,-0.691355656956361,0.8517926192189975,-1.9454768111620453,-0.23563077212830486,0.013695200648892332,-0.01631801474372839
0.5333311184081291,0.5275489733184289,-0.6760230348788347,0.8402847955950934,-1.94343580366316,-0.23563443470481715,0.013453282820019896,-0.01655559403221912
0.5323245566695833,0.5252320056328692,-0.6622319257675677,0.839736710244753,-1.943397039220084,-0.2356520860855298,0.015074143069270797,-0.01574835382783705
0.5321815266831855,0.5256681802697418,-0.6617731501855157,0.8368844896774297,-1.9437834091537258,-0.23565559579907003,0.013924195536664262,-0.016066505451114113
0.5306386693938121,0.5225442437007732,-0.6424433358455532,0.83166839712404,-1.9429141043808524,-0.23564004665807037,0.014997306931859005,-0.01616178207284915
0.5325128018231382,0.5253971821030454,-0.6630099056118546,0.8383710083614107,-1.944581575887785,-0.235643529365408,0.013350362013945133,-0.016619389807960912
0.5363056301859883,0.5299301091046518,-0.6997843913768822,0.8509819827025096,-1.9453065713197777,-0.2356284371418651,0.014152741776155435,-0.015868829914037486
0.5330454354606848,0.52744353973931,-0.6738815878280402,0.8413192058539947,-1.9430912672388736,-0.23563650361674338,0.015132731090979729,-0.016739730480317985
0.5320017680813178,0.5247306695557814,-0.6585799217135593,0.8399470462558396,-1.9433527577617387,-0.23565861352994322,0.015072602521446633,-0.015769106761531333
0.5304386689062879,0.521739490334288,-0.6389979092328293,0.8316837665055328,-1.9428643065022184,-0.23565074579361145,0.01499667845925149,-0.015944496154320847
0.5325502239131996,0.5248801396075278,-0.6612843246758029,0.836801878885364,-1.9445361435427548,-0.23564901249333037,0.015021145882283605,-0.0164769897661678
0.5328098749614778,0.5274906423569456,-0.6706678742047902,0.8376084840724669,-1.944529743704984,-0.23563937933954193,0.015058790199824451,-0.01615732825274729
0.5324844377576774,0.527721324956306,-0.6694615462127249,0.8395621626441763,-1.9442956971626701,-0.2356410875711319,0.015058352088195618,-0.016443414293690728
0.5357533503452672,0.5295264951379419,-0.695177117855323,0.8525658357302817,-1.945052341715213,-0.23563954873929838,0.01398524598287187,-0.016049384457945123
0.5326132361962834,0.526593034766937,-0.6688144296483545,0.8407182046006563,-1.9428963462107118,-0.2356503005203745,0.013526877020317185,-0.016496905738494202
0.5302910740145084,0.5208633099280338,-0.6360755017958954,0.8338743268410935,-1.9423386743047661,-0.2356571041877995,0.014998949866153822,-0.01581589566122869
0.5322426303269108,0.5239294898820113,-0.6567240469302709,0.8363471385802539,-1.9443727682214131,-0.23566184712086446,0.015019774875488221,-0.01628630844901014
0.532747280408989,0.5268244579492434,-0.6681660078224878,0.8359933131164059,-1.9444179043658067,-0.23564853345699266,0.015054129086529961,-0.016033594662987732
0.5307359389735282,0.5235104413095666,-0.6462911567916736,0.8339418212228775,-1.9431596230095822,-0.23563598099009297,0.015010772070856531,-0.01641970737322607
0.5360190718033282,0.528218000227068,-0.693256515650476,0.8529219765641036,-1.9456077270435248,-0.23563979524085887,0.015013871290906824,-0.016361960925853958
0.5332740770048892,0.5279083094324779,-0.6768681686279132,0.8409598086655663,-1.9435786884455117,-0.23564589348018217,0.015145349421263317,-0.016556547193502847
0.5323380583888122,0.525304982898894,-0.6625164924899929,0.8400328275383462,-1.9434213175184327,-0.23566535755500695,0.014213530449880565,-0.015780687059275343
0.5321614214371468,0.5257617221526552,-0.6618182192375235,0.8368538102550218,-1.943822963589037,-0.235668780822067,0.015039355160777784,-0.016034597100818216
0.5306341086589823,0.5225896148560771,-0.6425190992281182,0.831550115042484,-1.9429195796403924,-0.23565267459918804,0.015003469014597317,-0.016162692630369433
0.5325172976261792,0.5254298143732488,-0.6631178408626628,0.8383523110065898,-1.9445757416321579,-0.23565578299048084,0.013349102949464474,-0.016619860651218666
0.5363145361410284,0.5299587442805347,-0.6999199043924662,0.8510804119472448,-1.9453034944042482,-0.23564064934859896,0.014153777484783032,-0.015867723351024494
0.5330407053252406,0.527454409546749,-0.6738898089646952,0.8413576955572069,-1.9430870445923034,-0.2356487246645269,0.015133159331775314,-0.01673900329577422
0.5320113245989253,0.5247046516572391,-0.6586169561444137,0.8400033997186807,-1.9433150342969316,-0.2356707547316308,0.014219737797629516,-0.015780903507822804
0.5304323037502598,0.521739958597311,-0.6389914696418133,0.8317074549230536,-1.9428490737890076,-0.2356626062039906,0.01499305445097206,-0.015947585205387797
0.5325657143528408,0.5248471875833483,-0.6614164342093716,0.8369135203919189,-1.9444932217629605,-0.23566101090281766,0.013466658134057858,-0.016506803863085236
0.5328139974536761,0.5275179499977565,-0.6708000473827926,0.8377325346079978,-1.944512629273838,-0.2356512308604275,0.015052615032208517,-0.016142830595639722
0.5325023940288656,0.527703398245345,-0.6696341761539983,0.8397123054359437,-1.9442444837453223,-0.23565307992407014,0.01350706059690468,-0.016471673842909002
0.5357448032104202,0.5295861215585234,-0.6952361341003614,0.8527012317325422,-1.9450507441186495,-0.2356513109112619,0.015027739179798811,-0.01601994482350721
0.532580324124428,0.5266847056475648,-0.6687376038111683,0.8407415178764488,-1.9429732537391322,-0.23566204752103204,0.015134335662459019,-0.016462211754475306
0.5302758469422724,0.5208764631267639,-0.6359432929857167,0.8338808374484294,-1.9423727463737759,-0.23566896414911653,0.015006359683937459,-0.01583441934355779
0.5322561917669395,0.5238838200269038,-0.6567347374724131,0.8363916349109717,-1.9443469070781543,-0.23567387238969673,0.013684763133156575,-0.016293885759796418
0.5327693039710226,0.5267895723417562,-0.6682815958844968,0.836078767465767,-1.9443684746229204,-0.23566049651531085,0.013942747184301333,-0.016037724991104115
0.5307463859972774,0.5235216038331858,-0.6463910762669887,0.8340311998171215,-1.943144452216635,-0.23564780805457275,0.015005471600922068,-0.0164116702140015
0.5360207058055417,0.5282346270099074,-0.6933093280595788,0.8529901019189614,-1.9456056340262844,-0.23565161994160277,0.015008805334255405,-0.016363488315241745
0.5332959873455474,0.5278589083888283,-0.6769641632003776,0.8410545899525799,-1.9435192797804879,-0.23565790406130915,0.013411214625403973,-0.016595475133372686
0.5323653056979429,0.5252887376978475,-0.6626950882569744,0.8401094921499537,-1.9433995600484186,-0.23567742228398814,0.014291342682770658,-0.015704749476955455
0.5321750894179216,0.5257862306608052,-0.6619736315528799,0.8368928569737148,-1.9438190550277517,-0.23568075139523437,0.015039813140651365,-0.016034003439606453
0.5323396079553122,0.5262159889428872,-0.66385001829227,0.8362178978298234,-1.943879612023883,-0.2356750678247943,0.013820277315285436,-0.01617072174746055
0.5305134595315151,0.5228344449289004,-0.6427925297326231,0.8325736753132063,-1.9429653760306422,-0.23566039290791174,0.014998064877040928,-0.01621764111139415
0.5359120159609523,0.5276581531304734,-0.6908617338058454,0.8513476684868344,-1.9454530413008841,-0.2356588660070873,0.015003602987370515,-0.0162755879882554
0.5332747008641023,0.5274547046886875,-0.675271778059833,0.8403224741150783,-1.9435020533725496,-0.23566164852893756,0.015138195846160728,-0.016475755187925913
0.5322365024288969,0.5251552251804208,-0.661350868197105,0.8399775461876029,-1.9434853167455755,-0.23567974886689136,0.015077274551762276,-0.015804462967276254
0.5304764267215623,0.5220621353680777,-0.6403456675274821,0.8325288824550414,-1.9429221393839526,-0.23567339872933424,0.015000790484543013,-0.016020511949285672
0.5325281971444298,0.5250937331855399,-0.6618697671287999,0.8375788288052606,-1.9446068701094337,-0.23567520697632638,0.015023670425760366,-0.016516529317280527
0.5327869861695218,0.5276483983473739,-0.6709890095263562,0.8378501208527105,-1.9445738777770334,-0.23566713383473914,0.015062376731870466,-0.016156507135283417
0.532478767933406,0.5278371262386354,-0.6697212917231044,0.8395309221306455,-1.944301525722393,-0.23566883741116662,0.01506013458979339,-0.016442587822403702
0.5357540460138628,0.5296117214056917,-0.6953794092577619,0.8525225166895032,-1.9450535015827812,-0.23566715512752623,0.013988438646492529,-0.01604573664408934
0.5326111124810895,0.5266514623517748,-0.668928536296038,0.8406509699064904,-1.9428802145091506,-0.23567766977140892,0.01351481331957614,-0.016508746625524637
0.5303087122166508,0.5208741544570525,-0.6362422666662448,0.8338141445453493,-1.9422954386656954,-0.23568432120163152,0.014147183744234052,-0.015812068853242177
0.5322638385088085,0.5239181890660349,-0.6569111881945915,0.8363160234888545,-1.9443127293570734,-0.23568906244270948,0.01366206867326007,-0.01631662596635415
0.5327661711422911,0.5268207855245439,-0.6683572349091733,0.8359962871739288,-1.9443515413385963,-0.2356756341753643,0.013933226468640673,-0.01604737772737031
0.5307568045936799,0.5234860988991219,-0.6464516698939047,0.8339559939278107,-1.9430860235002454,-0.23566297990252316,0.013512943513290335,-0.016430190425849936
0.5360264631552569,0.5282530159302219,-0.6934009976262887,0.8529894500098534,-1.945556459263365,-0.23566635486823806,0.015002514534064084,-0.016344518790649184
0.5332840717346583,0.5279189862867399,-0.6770896348405087,0.8409944582599573,-1.9435031773870914,-0.2356727315174485,0.013382719431449357,-0.016623492638765763
0.5323422030586142,0.5253319601446886,-0.6626694996773752,0.8400082616774922,-1.9434311169203689,-0.23569217106154206,0.015082502526428478,-0.015672708418157662
0.5321614451395282,0.5258072477656182,-0.6619519759163444,0.8368197517374822,-1.9438328871268196,-0.23569555094929306,0.015044069606226382,-0.016036277235593338
0.5323098984259529,0.5262776987450613,-0.6637577242370023,0.8361258707163577,-1.9439267018930844,-0.23568968576373273,0.015049390935228169,-0.016144933243480198
0.5305076661179973,0.5227884238799403,-0.6426901595114121,0.8324976560818884,-1.9429381153311907,-0.2356750394224445,0.013712708677067913,-0.0162332895655784
0.5359220727625829,0.5276744218955258,-0.6909772380707038,0.8514278041924861,-1.9454497834576765,-0.2356733054349256,0.015004780287607726,-0.016273514591785592
0.5332731612702339,0.527481053430165,-0.6753481413791596,0.8403374503284802,-1.9435002738662854,-0.2356761314797602,0.015138255000036087,-0.016483935830624782
0.5322292924780498,0.525165798617083,-0.6613423548897481,0.8399776193803365,-1.9434836768842603,-0.23569429365531036,0.015076817791739461,-0.01579928514836981
0.5321098178980019,0.5255964171504628,-0.6610850983192265,0.8371232616236624,-1.9438623244390207,-0.23569823476418428,0.013963070553773702,-0.01602755772653717
0.5305664981534015,0.522435642352308,-0.6416494540868323,0.8318572575779362,-1.9429649609036694,-0.23568254774544162,0.014998147319078047,-0.0161244152635777
0.5324696571743681,0.525345166717357,-0.6626074277664173,0.8386513163799227,-1.9446390804873745,-0.2356861709989646,0.013374128898811911,-0.01659490260412031
0.5327328048169058,0.5277664187265527,-0.6710776337006639,0.8386468538756997,-1.944611800477137,-0.23568239638221566,0.013784674332939024,-0.016187958569965584
0.5360191234966667,0.5301346772103326,-0.6985025586696345,0.8527027450793776,-1.945104692990606,-0.23567535359420066,0.015029608175114943,-0.01611008259968817
0.5326892149920219,0.5271572626545051,-0.6709108439418925,0.8414384223613682,-1.9430322497951211,-0.23568745239694433,0.015139416335998423,-0.016577734957579877
0.5303264255360673,0.5210590751234747,-0.6369774652589193,0.8344724739780274,-1.9423721851205356,-0.2356979456386048,0.014181190433535551,-0.015777408123669408
0.5322504831770898,0.5240838337719156,-0.6572068778495517,0.8364295550438676,-1.9443836842173665,-0.23570416177301556,0.01501682114534163,-0.016286021213424866
0.532759745351246,0.5269564379079652,-0.6685710340987239,0.8358051593186069,-1.9444053135272892,-0.23569046822123507,0.015054902514066288,-0.016042536690972015
0.5325752304024753,0.5274193308360884,-0.6691094233992256,0.8383785057689757,-1.9441319527648036,-0.23568647588888503,0.013557837777466532,-0.01642386790731607
0.5304527605045113,0.5234657344863303,-0.6443467962335729,0.8346764193812994,-1.9431605275588577,-0.23568236343713256,0.015005816669349782,-0.016362746408846336
0.535786815747981,0.5281194421063216,-0.6916439085997155,0.8523113347451847,-1.9455847672453244,-0.2356873973085145,0.01501612334580095,-0.016254217596583742
0.5332713322183675,0.527866904490617,-0.6764232202715323,0.8400987706066871,-1.9435293645366176,-0.23569061753142595,0.015143659311574376,-0.016549501363088574
0.5322815196906188,0.5253917259492304,-0.6623940190613329,0.8395366926261918,-1.9434361897099421,-0.23570770951126807,0.015083149873953232,-0.01576887785896026
0.5321118290647604,0.5258191181177327,-0.6617044620085828,0.8366917681377233,-1.94383896558681,-0.23571085272905723,0.015042932517583658,-0.016050231485674672
0.5305475526148067,0.5225780608555768,-0.6419825099618706,0.8313527462764378,-1.9429274676427228,-0.23569479530761672,0.015002002245900706,-0.016170998620817584
0.5359424206229697,0.5276233656183118,-0.6909543506991804,0.8504179575081565,-1.9453734564054415,-0.2356890302772623,0.014998218387467357,-0.016252609186578067
0.5333184755065741,0.5274434789318994,-0.6755565368601077,0.8400424422827184,-1.9434248192935124,-0.2356899089651341,0.015135542350447265,-0.016510919399264055
0.5322442800266209,0.5251387517436692,-0.6614488771553573,0.8400233532532857,-1.9434479220834024,-0.235707933083245,0.015074125464375334,-0.01582289171792438
0.5321095872762278,0.5255532090182351,-0.6610272702420454,0.8372169096514357,-1.9438525891462195,-0.23571223324847512,0.013954971230839113,-0.01603569065665365
0.5305363166692727,0.5224076727906288,-0.6415621732326962,0.8319017724783402,-1.9429489353173608,-0.2356965597549152,0.014996924504639873,-0.01612934047473845
0.5324942048274401,0.525354895760481,-0.6625758692528194,0.83869988106827,-1.9446769802373431,-0.2356998029193207,0.015023244654996288,-0.016576297014341008
0.5327045539196966,0.527780179930371,-0.6710389924414777,0.8387612712694468,-1.9446470136889538,-0.23569596711820573,0.013769456825448858,-0.016202507915338088
0.5359917424794478,0.5301544166732617,-0.6986194075675343,0.8529142286607367,-1.9450977137012542,-0.23568889010491922,0.015028662815239834,-0.016112537115775864
0.5327729759878181,0.5270497501934202,-0.6711236547183024,0.8416560211708832,-1.942971563295596,-0.23570120846580256,0.013386614971018649,-0.016633479894364835
0.5303053289174091,0.5210654852760577,-0.6370932707728603,0.8347004508689269,-1.9423468086091251,-0.235711628706885,0.014220503417940358,-0.015737682538758527
0.5322511636903844,0.5240639846265065,-0.6574317975842368,0.8366884500147487,-1.9443361326566349,-0.23571810968392004,0.013651203693976943,-0.016325974657404277
0.5328147531231187,0.5269438222402147,-0.6687657045919932,0.8360343075088492,-1.9443812637441589,-0.2357043557124765,0.015049425595014737,-0.0160388243573849
0.5325281673375946,0.5275209633829263,-0.669141557657734,0.8385693109667107,-1.944185622658014,-0.23570015343971384,0.015054989477479925,-0.01639971232532562
0.5304684260692136,0.523439663629051,-0.644482703391204,0.834867433601068,-1.9431243034569619,-0.23569634342883816,0.013550100388743842,-0.016392457955715697
0.5358219219618929,0.5280769447136775,-0.6917986582096445,0.8525238822655608,-1.9455433804044722,-0.23570136215672743,0.01373619187074443,-0.016274668937963033
0.5332639394598973,0.5278978262703307,-0.6765674103524235,0.8403161639895362,-1.943510410411652,-0.23570446677787427,0.015137743462211632,-0.01654787473535695
0.5323029670803967,0.5253968253508772,-0.6625313755441757,0.8397124500368296,-1.943429590914132,-0.23572156424650803,0.015083003839620393,-0.015769836056443692
0.5321231929317287,0.5258247788462436,-0.6617810702103286,0.8368427113011876,-1.9438390794491216,-0.23572470281584312,0.015042753277429377,-0.016052410119932668
0.5305704842269279,0.5225477437646955,-0.6421300712932068,0.8315203894453234,-1.942890815228961,-0.2357088199367734,0.013763042050241224,-0.016183139626546186
0.535960658926931,0.5275811002745581,-0.6910458174545173,0.8505305118419217,-1.9453296930003532,-0.23570306682695197,0.013744579602149,-0.01627459965791398
0.5333582191288828,0.5273822420579366,-0.6757351624769079,0.8402364564442788,-1.9433476867647927,-0.23570403670469275,0.01346326674380163,-0.01654840988450941
0.5322833992993461,0.5251156913606234,-0.6616774162924628,0.8401775871578518,-1.9434139817367395,-0.23572200782139596,0.015070285476883008,-0.015761792113346575
0.5321116005760915,0.5256062326401372,-0.6611396978614277,0.8372948972886922,-1.9438796960840783,-0.23572614109269097,0.015041309303022391,-0.016020171132156622
0.5305770999043116,0.522423889145534,-0.6417187309163142,0.8319816911064999,-1.9429771447572364,-0.23571069051646365,0.0150029578221306,-0.016137229725770287
0.5324688028998725,0.5253997659066476,-0.6626751249130223,0.8387547147014809,-1.9446944798165138,-0.23571385985492554,0.015023531961289013,-0.016574254525674414
0.5327229564152587,0.5278100270915012,-0.6710708310887075,0.8387514549852781,-1.9446788364281646,-0.23570989290942457,0.015064527514817547,-0.01618512746195029
0.5360370913808508,0.5300867749026041,-0.6985675183231308,0.8528882906678685,-1.9450983174229517,-0.23570298056434602,0.013894874470135037,-0.0161338003450737
0.532697778319231,0.5271302510984537,-0.6709356811799312,0.8416320447969268,-1.9430253763630043,-0.23571507694004623,0.015133456735970219,-0.01658875956275723
0.5303309740721991,0.5210381553414489,-0.6369905729980756,0.8346685631107187,-1.94237265517586,-0.23572561689179494,0.014174123734470027,-0.01578359281866789
0.5322747526578517,0.5240232583218054,-0.6573166265439232,0.8366535484417783,-1.9443505440591444,-0.23573205938553343,0.013664575419847332,-0.016312426828645844
0.5327904899539249,0.5269077410442184,-0.6687449983300775,0.8360533935561429,-1.9443549299457317,-0.23571841502902036,0.013926240383731645,-0.016053599413429532
0.532590123323839,0.5274133851906218,-0.6692275625576469,0.8385992670826967,-1.944116469230071,-0.23571435689223286,0.013561086820906138,-0.016421016383230236
0.5304854806735797,0.5234207496920416,-0.6445411377000152,0.8349236754156655,-1.9431162633430565,-0.23571057111731175,0.013562599351164908,-0.016380635983988118
0.535807032558389,0.5280680357869807,-0.6917210049990041,0.8524495223330968,-1.9455342173837789,-0.23571565874310885,0.013737282378886747,-0.01627387722779288
0.5332898497960565,0.527864083649761,-0.6765230685739434,0.8402678124812697,-1.9435123147398006,-0.23571880910156295,0.015137679354258343,-0.016551294167975232
0.53229834898855,0.5253909568661577,-0.6624744265794353,0.83965424894041,-1.9434333386405287,-0.2357358763864319,0.015082302049974076,-0.015768866963792986
0.5321221905127942,0.5258004458370698,-0.6616825923349792,0.8367646181943584,-1.9438415242342293,-0.23573904476197782,0.01504186281757046,-0.01604723806208218
0.5322870696773263,0.5262009354508868,-0.6634746966132221,0.8361275118077458,-1.9439047256033852,-0.23573378451752092,0.01381811560890903,-0.01617264314946048
0.5304571287296618,0.5227490165713613,-0.642324423258871,0.8324044883217656,-1.9429383406126304,-0.23571923956362362,0.013711429291406708,-0.01623424813058761
0.5359013631963814,0.5276843311248118,-0.6909438128154246,0.8514244260598369,-1.9454646274228882,-0.23571737821881467,0.015004913248915012,-0.016270760846182293
0.5332950728720123,0.5274670382729205,-0.6756087154782762,0.8403596072292556,-1.9434504754228445,-0.2357203765735365,0.0134674544185891,-0.016543660113352402
0.532252992747666,0.5251722657916496,-0.6616511860634073,0.8399987561661382,-1.9434542247113846,-0.23573867349906497,0.015073941571801416,-0.015749272242166504
0.5321081514836106,0.5256347587588897,-0.6612587280310089,0.8370915931099407,-1.943854222961873,-0.23574264274964296,0.013950773132068363,-0.016040367912262345
0.5305464054939986,0.5224688876855641,-0.6416814473810843,0.8317614950515893,-1.9429589084264673,-0.23572695758774298,0.014997689743720254,-0.016146412315129373
0.5324504324973507,0.5253721276490086,-0.6625687789146344,0.8385523189993762,-1.9446401024748745,-0.2357306562118806,0.013368345185194312,-0.016600738812325176
0.5362903444088554,0.5300123441027864,-0.6998879518051204,0.851328460976811,-1.9453825430168354,-0.23571526013397825,0.01502397137454502,-0.01584264974291701
0.5330206405834028,0.5274935674277312,-0.673879056581467,0.841493152457188,-1.9431389927435472,-0.2357239055833409,0.015138862758998565,-0.01672181786445577
0.5304091180618267,0.521343226120254,-0.6386035668782739,0.8354465081110991,-1.9424483096701834,-0.23573664099832836,0.015023219419378772,-0.01575629668456323
0.5322877167515783,0.5242247026131253,-0.6581966249072595,0.8373087273241984,-1.944403407077127,-0.23574650663170704,0.013621963473276719,-0.016352540959445834
0.5328576176146962,0.527004427933897,-0.669296146040053,0.83621759097759,-1.9443716257095103,-0.2357342056651195,0.013910485568893061,-0.016067950083530364
0.5325835108210137,0.5275304680314363,-0.6696328249251744,0.8385768656592649,-1.9441096111222826,-0.23572988991550403,0.013560592443678073,-0.016420866839716754
0.5323047432371864,0.527286358778797,-0.6670662462262893,0.839540715007792,-1.9441116543206771,-0.23573501013510523,0.013614429660477097,-0.016368993441825484
0.5338044086867324,0.5253896261191073,-0.6710580110343418,0.8470480280705672,-1.9439053152849244,-0.23572835488440802,0.014959494768549148,-0.015987989543977177
0.5328968516420431,0.5254773420929046,-0.667147162849882,0.8413700570375333,-1.9436338952326864,-0.2357485027673647,0.015112258023523721,-0.016850700885520785
0.5323599716942304,0.5256431389340168,-0.662816330065783,0.8381489805226785,-1.943792970425413,-0.23575867463777023,0.013797057402896547,-0.01619106042481661
0.532302565466086,0.5261817192130946,-0.6637734602864054,0.8364910891846922,-1.9439015397060473,-0.23575679565250152,0.013810111771401361,-0.016179409083598523
0.532334222615467,0.526491040221825,-0.6646348218041265,0.8368659501905551,-1.9439591371974485,-0.23575239701742667,0.015042175325091353,-0.016200596642289837
0.5304723976226482,0.5228721669782432,-0.6426072562933047,0.8331099087560716,-1.9430420784714082,-0.23574173389673447,0.015003118566933711,-0.01625800692454207
0.5358167176663313,0.5276710673593259,-0.6904363491566308,0.8512986824265667,-1.9454958921860266,-0.23574251090759724,0.015003150402237157,-0.016256209033028948
0.5332676509715908,0.5275082545189571,-0.6754476356004897,0.8400890258029783,-1.943516322020539,-0.2357451313734753,0.015135996780583959,-0.016501601003075954
0.5322659408862114,0.5251885724417731,-0.6616607853016898,0.8397447677126451,-1.943457923964223,-0.2357628993222356,0.015075888657899496,-0.01582914594927467
0.5321256083161954,0.525606728162539,-0.6612766458020314,0.8369556654544548,-1.9438308777802193,-0.23576690881752072,0.013937091208191092,-0.016053702115721966
0.5306049943222266,0.5224186250202516,-0.641987994641279,0.8317333802598545,-1.9429022126745146,-0.23575171247082594,0.013787595346073832,-0.016161354095709138
0.5324611243787851,0.5253868104112911,-0.6625693280304157,0.83839123564118,-1.9446353504640745,-0.23575510992875248,0.015017445343382532,-0.01658042917969886
0.5362789479158057,0.5299392321420786,-0.6995815027909567,0.8509934987658294,-1.9453732440912912,-0.23574018823644227,0.01502945945532493,-0.015869214255587124
0.5330210329480352,0.5274479666584364,-0.6738082344542065,0.8413155336142752,-1.943120460033434,-0.2357485585991448,0.015136942054513838,-0.016727604340552128
0.5304404338187769,0.5213344919551473,-0.6387899087784596,0.8353528896371651,-1.9424353994466141,-0.23576108565938014,0.015021326460908119,-0.0157771320163579
0.5322991735326204,0.524202070512847,-0.6582448281856088,0.837249419825671,-1.944382883867478,-0.23577090756442587,0.013608273332250703,-0.016366423211754744
0.532869248779523,0.5269661955539826,-0.6692867972652952,0.8361790575731014,-1.944352876659016,-0.2357587297228223,0.013902882918225019,-0.01607568036114749
0.5325958258770171,0.5274938627244934,-0.6696261279502345,0.8385403942920728,-1.9440951721936601,-0.2357544571122432,0.013555732634097551,-0.016425722218506474
0.5322933221540982,0.5273095980356395,-0.6670118952381063,0.8394803408508276,-1.9441391607155518,-0.23575938589070589,0.015050109141539269,-0.016348594372617105
0.5338215868960292,0.5253406456822596,-0.6711011702402505,0.8469859283683743,-1.9438826986705307,-0.23575303917730217,0.013964655979048618,-0.016008014221453003
0.5329137533478177,0.5254555044507399,-0.6672109023015071,0.8413798757108442,-1.9436118869848098,-0.2357729661369472,0.015108836491288708,-0.016844785957416834
0.5323708435547667,0.5256356066400345,-0.6629054541105912,0.8381938764523849,-1.9437814164102996,-0.2357830913516903,0.013791075583648803,-0.016196776604282884
0.5322949390981924,0.5262147110323383,-0.6637781039368731,0.8365253388942318,-1.9439293088889986,-0.23578110717215228,0.01503992753657901,-0.01616269125595994
0.5323407496629837,0.5264825126182577,-0.6646619016051902,0.8369095054513647,-1.9439670193196186,-0.235776881624,0.015047373554932311,-0.01621180055749022
0.5305008351026004,0.5228178922935429,-0.6427382439185054,0.8331959429176425,-1.9429939070263123,-0.23576636834147724,0.013677282734018704,-0.01627076394354959
0.5358250237453506,0.5276525767369433,-0.6904682290602597,0.8513460528673056,-1.9454672669761859,-0.2357670080709786,0.014997511344960333,-0.016262105648181764
0.5332761492817122,0.5275020221656694,-0.6755130726086662,0.840168394480358,-1.9435046500613238,-0.2357695521553831,0.015135273182907827,-0.016508112749614463
0.5322730961773852,0.5251860089001337,-0.6617255738487184,0.8398302934150141,-1.9434514322931378,-0.23578731103953832,0.0150751823314159,-0.01583369406476092
0.5321166936476871,0.5256417205422714,-0.6612675102950609,0.837013989561953,-1.9438636648135033,-0.23579123995429452,0.015041901755183947,-0.016037435633467656
0.5305943763836236,0.5224679193569042,-0.6419845436871441,0.8317799622818747,-1.9429541848622334,-0.23577603633354993,0.015001608193879735,-0.016155692491754484
0.5324629313535194,0.525389571140443,-0.6625895730279687,0.8384482626344436,-1.9446537127318093,-0.23577955069188672,0.0150228377614983,-0.016574855130653127
0.5362824212312471,0.5299308296541732,-0.6995951978625659,0.8510515546037096,-1.945373958501885,-0.235764657936393,0.015027841116619449,-0.01586956157961484
0.5330294162931715,0.527447387811649,-0.6738869596913322,0.8414011800861507,-1.9431194455673024,-0.23577294957670158,0.015136510782687317,-0.016731599563721437
0.5304478314335199,0.5213369117340836,-0.6388776979213491,0.8354612589439059,-1.9424332134908395,-0.2357854452131738,0.015021094427866633,-0.01578137153746685
0.5322913096307298,0.5242577320370785,-0.6582875449905563,0.8373530886714429,-1.944422333987501,-0.23579507626213303,0.015017036886408212,-0.016338826854512045
0.5328677564500559,0.5269734168104536,-0.6693081061287112,0.8362833492086601,-1.9443702534052258,-0.235783011250013,0.01388700635836552,-0.01609113575823131
0.5325960131766507,0.5274888008549121,-0.6696325085081698,0.8386439976695783,-1.9441009379759144,-0.2357788047336422,0.013554612570483538,-0.016426383464072658
0.5323136333704355,0.5272552517680023,-0.6671039340303349,0.8396159048261387,-1.944094591334892,-0.235783889603721,0.013608295762046047,-0.016374710180720876
0.5338147186089017,0.5253656873501464,-0.6711139598000235,0.8470919047094982,-1.943892443581639,-0.23577726981549407,0.014958890017374608,-0.015995077313326514
0.5329131576864761,0.5254620566580428,-0.667257315609695,0.8414850299281245,-1.9436215403846928,-0.23579725992311484,0.015110260766219404,-0.016858774521219227
0.5323534299458714,0.525679063499811,-0.6628700254624311,0.8382700418727538,-1.943829794459905,-0.23580731940695632,0.015038121080459646,-0.01617969470665773
0.5323088982964874,0.5261786548828677,-0.6638522848440402,0.836643864163884,-1.9439091073785386,-0.23580559609696738,0.01380246256888433,-0.016186600990701402
0.5323629645943564,0.526433328456247,-0.6647762418874379,0.8370550800697831,-1.9439143622878694,-0.23580142467343634,0.013763148667844578,-0.0162266364083928
0.5304900642574637,0.5228637979194497,-0.6427563585540277,0.8332997106275828,-1.9430179956520748,-0.23579066249501324,0.014996767199749418,-0.016255318234318465
0.5358213457525984,0.527663620864832,-0.690493951170863,0.851435569604936,-1.9454837033822523,-0.23579146364080117,0.015002681563495789,-0.016261337894814286
0.5333001224861071,0.5274454547094916,-0.6756278090793693,0.8403032602723322,-1.9434505065191914,-0.23579418054388945,0.013463507603958038,-0.01654689364259964
0.5323012303791401,0.5251613860288336,-0.6619138918106895,0.8399581573836556,-1.9434245891610509,-0.23581191465161844,0.015072274164917895,-0.015776302976265522
0.5321312803171603,0.5256569011872099,-0.6614338633112586,0.8371193451446439,-1.9438575903515947,-0.2358157657466311,0.015042142788250399,-0.01604123360073858
0.5306013264707268,0.5224920131435287,-0.6421077118938472,0.8318728747384627,-1.9429562661850124,-0.2358005653751123,0.015002509637154434,-0.016161010994378697
0.5324867460839853,0.5253537366512884,-0.6627493348339879,0.8385592268830662,-1.9446091518357989,-0.2358043083222663,0.01336447780673124,-0.016604893218346024
0.5362917648276389,0.5299417462105565,-0.6996927257655958,0.851143968052825,-1.94535429918494,-0.23578925083842606,0.015023175079348049,-0.01585554868191703
0.5330615829494958,0.5273923866074641,-0.674048446100298,0.8415396927163021,-1.9430491895795532,-0.23579768448382588,0.01324112050495434,-0.01677510786794622
0.5320451782015434,0.5247014007069186,-0.6589356508070896,0.8401979669757713,-1.9433084078999343,-0.23581996581099496,0.014272889704453173,-0.01572861874366629
0.5304523733500561,0.5217787698625589,-0.6393016689051736,0.8318755649873051,-1.942850114535596,-0.23581208488473315,0.014994066068936674,-0.015960139964177396
0.5325511399331697,0.524916436819117,-0.661435291513504,0.8369641788666886,-1.944534969538692,-0.2358104640446248,0.01502352807400983,-0.016481199951245324
0.5328096778892624,0.5275175169787722,-0.67075517822005,0.8377346006483517,-1.9445357205735627,-0.23580093394279533,0.015059995503214196,-0.01616196466061994
0.5324872900830604,0.5277455642414184,-0.6695458925224766,0.839654628043121,-1.9443035177338182,-0.23580266553636609,0.015059816132621834,-0.016446823762539975
0.5339392259281057,0.525687023566273,-0.6728958310837792,0.8479656073082378,-1.9439544174592722,-0.23579727708110365,0.013887825610256782,-0.016081373888914258
0.5329563962131578,0.525603853637655,-0.6681570623753323,0.8421840119663555,-1.9436031268128087,-0.2358205508488842,0.013054530517958117,-0.016945546185006308
0.5323815223528934,0.5257510675760155,-0.6633470195099012,0.8384828488104814,-1.943786749550359,-0.23583210497369667,0.013805895405621216,-0.01618100060934967
0.5323291687602021,0.5262523904052188,-0.6641666193436109,0.8365536763422083,-1.9438789504390872,-0.23583026015441355,0.01379823070541595,-0.016190853423451803
0.5323954575319414,0.5264775160940811,-0.6650007075629905,0.8369006848947853,-1.9438970366985435,-0.23582565356069907,0.013757022217819548,-0.01623317360372789
0.5305018071677843,0.5228955161920146,-0.6431067338781258,0.8332023763067076,-1.9429637479654955,-0.235814843783694,0.013678979648695327,-0.016269466676306812
0.5358545958452989,0.5276518645496191,-0.6905443415530463,0.8512052401172827,-1.945447747386261,-0.23581548821132703,0.015004432436312711,-0.016271637041625736
0.5333208864480117,0.5274336032475375,-0.6755910665766507,0.8401463897351098,-1.943437737720883,-0.23581802815957875,0.013457456272144463,-0.016554082306030914
0.5322976256270397,0.5251681293050963,-0.6618804729709957,0.8398040294211482,-1.9434228894039398,-0.23583553392083179,0.015071382688764644,-0.015772367647417112
0.5321391657796948,0.5256504016516743,-0.6614069995158287,0.8369775487384921,-1.943854926780233,-0.2358392624504715,0.015041447496195511,-0.016041945714023082
0.5306126128833499,0.5224910278461765,-0.6421232419086893,0.8317635800068715,-1.9429598009809403,-0.2358240648366472,0.015002320193199758,-0.016158163104428382
0.5324973831973097,0.5253570544085564,-0.6627954665274292,0.8384461835343213,-1.9446129182993124,-0.23582773745805152,0.013361135622431084,-0.01660877789887186
0.5362953492701026,0.5299361646112937,-0.6996567077487885,0.8510127877236906,-1.9453549266506425,-0.2358125970836653,0.015021722172671151,-0.015848728525098627
0.5330605821729995,0.5273848297703658,-0.6739779302609348,0.8414301612612478,-1.943051044110912,-0.2358210244497787,0.013238014564252137,-0.016778586702357323
0.5320282015859759,0.5247184417858035,-0.658780699461694,0.840064763758245,-1.9433424126167083,-0.23584327331198196,0.0150673875788532,-0.01571067170711908
0.5304527866379924,0.5217708848864762,-0.6392133856339202,0.8317801974367685,-1.9428664998218927,-0.2358355161891561,0.01499758262093752,-0.015953172757912006
0.5325755951892681,0.5248580984503537,-0.661493107425553,0.8368974432332132,-1.944494846947511,-0.23583410932462812,0.013466948420536733,-0.016506701403421066
0.5328399084772535,0.5274711355964969,-0.670893664990345,0.837713136453746,-1.9444723756858995,-0.23582457083210073,0.013807123548345582,-0.01616946630255492
0.5324988314431565,0.527743701952752,-0.6696213506540403,0.8396250308403728,-1.944275515097737,-0.23582615648235628,0.015053119021568556,-0.016438807828433034
0.5357396829755743,0.5295753176597451,-0.6951455186642743,0.8525318978812306,-1.9450492377999513,-0.23582460347899925,0.015035272875688049,-0.016036891569009303
0.5326147839516828,0.5266125447614005,-0.6688306783124434,0.8406951659618089,-1.942921550098836,-0.2358353853219617,0.013527308065600537,-0.016496980520608093
0.530316372959339,0.5208533133961426,-0.6362245579041685,0.8338814175380511,-1.9423240956560877,-0.2358422319688218,0.014142590038782207,-0.01581776651732848
0.5322702902018879,0.5238888682723601,-0.6568593225733359,0.8363458126141197,-1.9443301991188724,-0.23584705672364326,0.013667614432997993,-0.016311618671620093
0.5327748505933902,0.5267891398500097,-0.668313268538574,0.8360183400288275,-1.9443657399102268,-0.23583373300874744,0.013936657543164229,-0.016044339347504037
0.5307551576385281,0.5235274665042411,-0.6464506137199386,0.8339691207156896,-1.9431487506346903,-0.2358211193247417,0.015005831788691384,-0.016413761017961218
0.5360170545159759,0.5282252066380746,-0.6932401366720828,0.852851152282156,-1.9456069245390228,-0.23582494721873992,0.015014083774895735,-0.016364892064854874
0.5332736825426485,0.5279050962884568,-0.6768097735844023,0.8409055365312676,-1.9435854739018055,-0.2358310660095082,0.015146184285593313,-0.01655412053042485
0.5323405665238967,0.525302481055208,-0.6624730803869436,0.8399555955905305,-1.9434287647599513,-0.23585049700593252,0.014218733229719761,-0.015776268289842424
0.5321837838674703,0.5257237807335855,-0.6618849927686368,0.8368062866293213,-1.9437927847384584,-0.23585402862803662,0.013933911787985427,-0.016055920479964517
0.5323263864794461,0.5262256860922951,-0.6637070990321758,0.8361106276985835,-1.9439077189643648,-0.2358481435499158,0.015043547551426508,-0.01614067109277379
0.5305172732305339,0.5228213077508519,-0.6427554818052048,0.8324963179312439,-1.9429814778460663,-0.23583366323830735,0.015003327089181236,-0.016225234667717255
0.5359073431023242,0.5276343849688239,-0.6907524077386196,0.851211853661189,-1.9454562288485135,-0.2358322351282407,0.015009299459721754,-0.016273194912384666
0.5332779228134354,0.5274351727228019,-0.6752265795507775,0.8402302012718437,-1.943501732053118,-0.23583500931520796,0.015137864059409693,-0.016475157627289738
0.5322547556395767,0.5251117590229768,-0.6613926374970873,0.8399258667121625,-1.9434460244217169,-0.2358530941233017,0.014169331905907741,-0.01582714386844234
0.5304835856238226,0.5220539509223121,-0.6403919802813913,0.8324783993353382,-1.942906869663485,-0.23584673295916936,0.01499628375502756,-0.01602508633421488
0.5325478217216384,0.5250328495208594,-0.6619407865321882,0.8375453089139366,-1.944553045131391,-0.23584882548055042,0.013427007904250972,-0.016543847175332384
0.5328130625806802,0.5275995748430757,-0.6711173227147764,0.8378450638140009,-1.9445061927340603,-0.23584080989295853,0.013807323285409703,-0.016167407677026784
0.5325096010083703,0.5277874853022233,-0.6698965314003988,0.8395417579793865,-1.944224511303676,-0.23584255210939897,0.013513899853626794,-0.01646438780581509
0.5357553817761689,0.5296072593685288,-0.6953910835668751,0.8524560504028438,-1.9450567411747235,-0.23584082099797765,0.013993174737128366,-0.016041065664404334
0.5325861116600441,0.5267094235867447,-0.6688004626300277,0.8405332657089941,-1.9429236824758398,-0.2358511974580031,0.015129270457251003,-0.016472710652623124
0.530307576095784,0.5208819356276901,-0.6361665296436021,0.8336966866214732,-1.9423105023210017,-0.23585793343817496,0.01412081513174308,-0.015839290204644165
0.5322670479639147,0.5239076136687633,-0.6568491969621624,0.8361795897449822,-1.9443100359475203,-0.2358626360422127,0.013674626245838078,-0.016304440040605828
0.5327710216010306,0.5268043543799017,-0.6683107283435659,0.8358790486347996,-1.9443450110261544,-0.23584915205085988,0.013935038426713607,-0.016045844885841282
0.5307466968909171,0.5235304193860726,-0.646390681751293,0.8338338457085879,-1.9431289013836333,-0.23583632468476168,0.015005110138452554,-0.016413186974024694
0.5360389293044339,0.5282078578058567,-0.6934118605302366,0.8528631599530705,-1.9455602343240077,-0.23584017753187503,0.013626311123621528,-0.016383694580603625
0.5332781402240236,0.527927205040684,-0.6769111850525498,0.8408885683867471,-1.943552643745348,-0.23584621966546138,0.015142047287657934,-0.016554545210330576
0.5323249308442097,0.5253468654996833,-0.6624490173174991,0.8398928718256649,-1.9434461705945916,-0.23586564021481848,0.015084287700699627,-0.015754166518900676
0.5321772873041777,0.5257376080096803,-0.6618481978500306,0.8367541323003866,-1.9437904097831709,-0.2358691669144548,0.013936940622000705,-0.016052686183512542
0.5323367736935616,0.5261862131350687,-0.6637285178356347,0.8360894600386573,-1.9438595773910965,-0.2358633605676408,0.013830575828906629,-0.01616029980898278
0.5305245214470675,0.5227694081542955,-0.642780114572405,0.8324948414065334,-1.9429144190333645,-0.2358488095054998,0.013718971417014773,-0.016228021367513015
0.5359187313997147,0.5276387056348,-0.6908357157809677,0.8512534440500943,-1.9454252956486773,-0.23584713222078335,0.014996899035207716,-0.016277135703136082
0.533290542926526,0.5273945781938254,-0.6753405003617443,0.8402833946912853,-1.9434328856391803,-0.23585003283942996,0.013489703894786986,-0.016521739115779213
0.5322570212205342,0.5251228777668082,-0.6614441957087207,0.8399285971405543,-1.9434448617198417,-0.2358681473663573,0.015072541456819709,-0.01575004874900918
0.5321053094229491,0.5256234375936071,-0.661063201453568,0.8370283063451316,-1.943882927648735,-0.235871967040314,0.015042752850770499,-0.016009015645977478
0.5305903987151401,0.5224021244575967,-0.6417546909973408,0.8317972922236363,-1.9429349733792955,-0.23585660217912885,0.013804836152316176,-0.016143523186286375
0.5324804014038289,0.5253365871391473,-0.6626407836204864,0.8385592228703631,-1.9446179851467011,-0.23586011446121802,0.013370257584770007,-0.016599543082004814
0.5327393013457664,0.5277576824679153,-0.6710822116063015,0.8385591570990094,-1.944599177831691,-0.2358563000809566,0.01378404922488899,-0.016189259448663215
0.5360169229144285,0.5301172198593793,-0.6984126803705921,0.8525728385868856,-1.9450945495371244,-0.2358493075552479,0.015029203902338098,-0.016107899191975982
0.5326890023662765,0.5271433228581861,-0.6708385732684468,0.8413319391081195,-1.9430265401855795,-0.2358613493871946,0.015139232884715744,-0.01657608698386996
0.5303174448216632,0.5210895261434194,-0.6369240195735575,0.8343644526142562,-1.9424065055958772,-0.2358718482621729,0.01501580110835295,-0.01577184523271658
0.5322489495402847,0.5240791103214173,-0.6571445150473982,0.8363269255092405,-1.9443921514440001,-0.23587811045221407,0.015019393945503421,-0.016289454699230946
0.5327607522096711,0.5269403556798213,-0.6685090771073297,0.835709662459041,-1.9444023297809165,-0.23586442806718289,0.015054630403210624,-0.016039819772157182
0.5325759056931121,0.5274032965172353,-0.669060409556459,0.8382902527023637,-1.944126341012419,-0.23586040635088334,0.013560370853602469,-0.016421368921049347
0.5304750358819623,0.5234022337772659,-0.6443914680485214,0.8346374496508444,-1.9431094334593224,-0.23585643980067772,0.013568220200598329,-0.01637479715657366
0.5357917950625453,0.5280989423868734,-0.6916123662304416,0.8522433024625649,-1.9455581086607943,-0.23586133167590972,0.015010606436446562,-0.01625704922640281
0.5332945464361298,0.5277993098415568,-0.6764813031024763,0.8400948260011125,-1.94345644943649,-0.2358646734828298,0.013418474817064433,-0.016588843487526195
0.5323200796819769,0.5253322229568118,-0.6625746651201494,0.839559963785848,-1.943367675534545,-0.2358818232533455,0.01427678859608888,-0.015720154216411944
0.5321198881071503,0.5258202950916324,-0.6617847456643373,0.8366580663449978,-1.9438144452594308,-0.23588487447337592,0.015038447469392098,-0.016047902023663005
0.5305641174671498,0.5225467313684309,-0.6420676581919738,0.8313087830308623,-1.942880111885625,-0.2358689470458355,0.013760366025505243,-0.016185933533792017
0.5359592619658242,0.5275895229632654,-0.691029463307272,0.850368560677472,-1.9453243488134824,-0.23586321543934208,0.013743219757914074,-0.016276114824390737
0.5333205550559308,0.5274405839514946,-0.675522045091336,0.8399830007793438,-1.943398577015599,-0.23586400187597523,0.015130569205877919,-0.016501347109481743
0.5322569291979304,0.5251068458168522,-0.66143474405572,0.8399567133832049,-1.943403023184187,-0.2358820072701162,0.014163677021812416,-0.0158339004840097
0.5321122764123443,0.5255537872683549,-0.6610157874104798,0.8371183690862329,-1.9438381531194828,-0.23588624844021222,0.013954324571053202,-0.016037031849511225
0.5305556195661572,0.5223741144066825,-0.6416186904895529,0.8318275166959586,-1.9429106367073805,-0.23587072308054413,0.013812154586228942,-0.016135868895307184
0.5325022722317936,0.5253588741959101,-0.6626088904207013,0.8385961414053069,-1.9446603022989297,-0.23587380563816396,0.015017749926753327,-0.016581732705239
0.5326885683460043,0.5278264980084524,-0.6709627442899411,0.838618416081875,-1.9446857981356684,-0.23586983936012373,0.015064647050249505,-0.016176753138387942
0.5359840901343196,0.5301478091974845,-0.6984749900231382,0.8527452052587048,-1.945114588938404,-0.23586293757485333,0.015034729440924492,-0.01611296118372407
0.5327648558225304,0.5270303624740293,-0.6709430280873727,0.8414836893559716,-1.9429765291697434,-0.2358752587236692,0.01339653035533456,-0.016623700652545276
0.5302906438484944,0.5210845571094724,-0.6369252096709488,0.8345172827549963,-1.9423825977991438,-0.2358856045798623,0.01500850807990134,-0.015727341193758175
0.5322357623510845,0.5241156655467041,-0.6573276332969691,0.8365059465830624,-1.9443888494566313,-0.23589185095120246,0.015018282641528059,-0.016292108163111572
0.5328220136231527,0.5269052675020776,-0.6687300848751878,0.8359020729860589,-1.9443656058915586,-0.23587830886032446,0.013910919415164508,-0.016068784604251124
0.532544020208408,0.5274526493490734,-0.6691408178081648,0.8384805086043698,-1.944126816258338,-0.23587422447506423,0.013569705224473008,-0.01641228818944193
0.5304502132740909,0.5234700102447194,-0.6443643587021626,0.8347417570580191,-1.9431473834373518,-0.23587013462953976,0.015005983568449963,-0.016364858553285386
0.5358031483342414,0.5281180416221511,-0.691685442576575,0.8523834996295134,-1.9455899606172808,-0.23587518112962158,0.01501580948296238,-0.016251677523753824
0.5332490566926813,0.5278923820500987,-0.67643258767274,0.8401568811908149,-1.94353149402441,-0.2358783933677202,0.015144160361005066,-0.016551507804795498
0.5322887287202507,0.5253852285174636,-0.6623854584169644,0.8395705916907783,-1.9434347746485123,-0.23589548759144208,0.01508294574912634,-0.01576804700237349
0.5321118700578626,0.5258133641567593,-0.6616638647859867,0.8367196446988201,-1.9438389112494132,-0.23589860133076357,0.01504273856207228,-0.0160473345485488
0.5322721410001625,0.5262256972633423,-0.6634813871812097,0.8361195389074512,-1.9439008866527594,-0.2358932799529434,0.013821083166922387,-0.01616927657232374
0.5304277734893725,0.5227551003219713,-0.6422102339426923,0.8323734175958935,-1.942930713577823,-0.23587859735248617,0.013711232601097707,-0.016233737268650753
0.5359141732710784,0.5276674866092605,-0.6910935239687861,0.8515669968217949,-1.945431032109262,-0.2358769487994401,0.013725864017801535,-0.01629196078950825
0.5332901379544976,0.5274824766865747,-0.6756640868739856,0.8404221081857202,-1.9434297464025745,-0.23587997524128834,0.01348051855891022,-0.016530602194444237
0.5322579696699323,0.525155667790127,-0.6617123282537873,0.8400648052708419,-1.943407054813962,-0.23589834783039887,0.014235813859342736,-0.015762479881000595
0.5304434025208646,0.5220984257390935,-0.6403804848776442,0.8324386535466992,-1.9428811471910548,-0.23589171224717465,0.014995878948117465,-0.016037656198264756
0.5325195287806412,0.525108260118814,-0.6620144118489408,0.8375757373890362,-1.9445537141103646,-0.23589381818147448,0.013415268130171137,-0.016555363099049713
0.5327740498153881,0.527732079144946,-0.6711635115498806,0.8378164516107933,-1.9445528648367736,-0.23588550032487188,0.015055866303399994,-0.016154624351357512
0.5360374275886857,0.5300968889185178,-0.698647249618948,0.852494884075794,-1.9450482817757804,-0.23587675904366634,0.015032008602704088,-0.016128608715015234
0.5328009030608465,0.5269581998766748,-0.6709289840343295,0.8415580486058536,-1.9429416516519202,-0.23588902140036794,0.013382457631530688,-0.01663925906150048
0.5302900499528276,0.5210460189248742,-0.6369839893629177,0.8346435790902662,-1.9423257209950018,-0.23589954444515726,0.014215344961627815,-0.015743396890057326
0.5322893657809713,0.524070887673826,-0.6574495373228322,0.8365963947708437,-1.944375913504846,-0.23590558180459098,0.015013824529948608,-0.016302732024908007
0.5327902390922281,0.5269529787400531,-0.6687731252736446,0.8360160750679828,-1.9444069704747733,-0.23589170062259512,0.015054919386022686,-0.01604896501804503
0.5325586780886153,0.5274772118836282,-0.6691450722229115,0.8385946157862065,-1.9441821165680286,-0.23588751624460347,0.015054590132376307,-0.016400353199843357
0.5304744819240952,0.5234029107173583,-0.6444022780002889,0.8349454102389755,-1.9431356405045799,-0.23588377633716018,0.013560673261491867,-0.016381813038689137
0.5358018846312671,0.5280978636891449,-0.6916869165338451,0.8525537974899278,-1.9455779911616382,-0.2358886616141218,0.015010060709216398,-0.01625012031360335
0.5332800096033843,0.5278619211030753,-0.6764738555299878,0.8403346273004058,-1.9435337821208485,-0.23589190885359823,0.015143545703630166,-0.016553202462039306
0.5322862959493726,0.5253812919875651,-0.6623890399027719,0.839748808777129,-1.9434416753513677,-0.23590903935604413,0.015082232107220421,-0.01576558868962686
0.5321124026594912,0.5257924408699424,-0.6616205090120477,0.8368704120198736,-1.9438462060001989,-0.23591224455551707,0.01504190498911067,-0.01604098612345725
0.5322633144987154,0.5262400794083479,-0.6633769308970354,0.8362102750426335,-1.9439489234443181,-0.23590687232813856,0.015047572402665032,-0.01614550485990925
0.5304468918126526,0.5227400371270683,-0.642215399717232,0.832487948540142,-1.9429553239009127,-0.2358923533621109,0.013710343281640986,-0.01623511521253214
0.5359147392672519,0.5276442204579368,-0.6910170207287374,0.8515994846721773,-1.9454386827601748,-0.23589069278048846,0.013732077519625872,-0.01628550632108131
0.5332763475192692,0.5275210168071576,-0.6755533134886855,0.8404562024856741,-1.9434938779025899,-0.23589354370952087,0.015131923759828633,-0.01649080161474361
0.5322279021089411,0.5251993426283734,-0.661511776432639,0.8400769529783076,-1.9434787079832638,-0.23591188900249094,0.015076995386624723,-0.01580570278278359
0.532097979624182,0.5256235306002743,-0.661146184904009,0.8371761073423336,-1.9438615061254234,-0.23591593953056567,0.013955621946685225,-0.01603505790472859
0.5305432242201888,0.5224484957430651,-0.6416063478492164,0.8318486007780219,-1.9429590729390007,-0.2359002487149029,0.014997271873643393,-0.01613893370135774
0.5324304572866474,0.5254099576735527,-0.6624505181798153,0.8386065788954085,-1.944686902781422,-0.23590370887836887,0.01502462243426778,-0.016568764560170153
0.5362937525280351,0.5299714096654524,-0.6998488918605261,0.851400183955989,-1.9453790806387792,-0.23588857640193872,0.014149145808160596,-0.01587214226620167
0.5330466878457436,0.5273976276468222,-0.6739226755049721,0.8416165947754406,-1.9430645592584082,-0.23589738372356983,0.013259775419000351,-0.01675614147825301
0.5304414787818139,0.5212896659251376,-0.6387903380805788,0.8356003682276247,-1.9423856409487215,-0.23591004643386349,0.014247311659415608,-0.015708839857799216
0.5323003072487156,0.5242343524235586,-0.6583642395561862,0.8374384719408807,-1.9443839999277195,-0.23591981701722808,0.013613995594847335,-0.016360524185557355
0.5328457314662529,0.5270643345878989,-0.6693445668575153,0.8363071714221508,-1.944404231634108,-0.23590740087479123,0.015052076380412838,-0.016049866864645636
0.5325836468923484,0.5275488686843772,-0.6696642733396763,0.8386592179409806,-1.9441274241041357,-0.2359032209763674,0.013551601792198054,-0.016429686364941867
0.5322816357277347,0.527348200735883,-0.6670115957796687,0.8395781534589597,-1.9441619510218366,-0.2359082074207821,0.015051720942484156,-0.016339900943415774
0.5338170153323398,0.5253668455482146,-0.6711052673983868,0.847110056272288,-1.9439008499429775,-0.23590176214091052,0.01397003054126811,-0.01600237842818744
0.5329036208330615,0.5254672657416783,-0.6671421902319832,0.8414407984884917,-1.9436234874441833,-0.23592178906540795,0.015107001072661653,-0.016844591223102348
0.5323433777710678,0.5256850698043456,-0.6627568838873525,0.8381881793687338,-1.9438389489490255,-0.23593183844795007,0.015038545706581022,-0.016169630217095308
0.5322838711853759,0.5262320346911347,-0.6637101862273171,0.8365187475137432,-1.9439620288013666,-0.2359299131910726,0.015046831276684398,-0.016156831113
0.5323519322104939,0.5264511620259826,-0.664693398826306,0.8369462459937012,-1.9439407549226546,-0.23592576863612713,0.013763206505271384,-0.01622630997775509
0.5304772599524137,0.5228650796269081,-0.6426329549677625,0.8331959041909771,-1.943030524503408,-0.2359149772515181,0.014997122048168129,-0.016247510060142863
0.5358203891749094,0.5276734258328517,-0.6904802670037018,0.8513904457327666,-1.9454947922980734,-0.23591572001103245,0.015002953262831839,-0.0162582018269064
0.5332916782519961,0.5274525482496806,-0.6755656014346929,0.8402231201396564,-1.9434567745646563,-0.23591850166835115,0.013471958695841975,-0.01653806541240508
0.5323039969125967,0.5251332124805943,-0.6618768560168409,0.8399002298013798,-1.9433968676714635,-0.23593634347369985,0.014209997157655207,-0.015787906900038513
0.5321231069374042,0.525659718489667,-0.6613864462546246,0.837036718931186,-1.94384945306905,-0.23594014232818772,0.015038441618131514,-0.01603732620265913
0.530587668492636,0.5224925321058569,-0.6420072479561565,0.8317695357660106,-1.9429556332065898,-0.23592488549545898,0.015002740605195616,-0.016158896646146708
0.5324755140868875,0.525358365396885,-0.6626798734648807,0.8384690067572986,-1.9446127801255457,-0.23592866191743322,0.013366095418962002,-0.01660331242590495
0.5362982074532514,0.5299251132916929,-0.6997250291477313,0.8511026581040468,-1.9453351646929002,-0.23591369787155791,0.014152752391026396,-0.015868146881196327
0.533027709037091,0.5274606647798912,-0.6738806666516783,0.8414037811256518,-1.943104924769786,-0.23592195482733125,0.015133314346796482,-0.016725518665705118
0.5304464553277377,0.5213480355987441,-0.6388470492394802,0.8354248198479519,-1.9424351107800586,-0.23593450533166127,0.015022313953539458,-0.015771479683305764
0.5323032631721043,0.5242127839374673,-0.6582798144410784,0.8372868189792113,-1.9443854819924908,-0.23594431439939356,0.01360938305039132,-0.016365442169467236
0.5328569067836524,0.5270106773857854,-0.6692400816434407,0.8361739574017077,-1.9443928478375936,-0.23593195758622265,0.01505080667348829,-0.016052323198463246
0.5325951833865536,0.5274993805298918,-0.6696011133738136,0.8385382831402497,-1.9441140505331047,-0.23592772915978966,0.013549763341427852,-0.016431567763177814
0.5323127335774833,0.5272580980031538,-0.6670636494919657,0.8395181166267802,-1.9441017052190235,-0.23593281346495498,0.013613933184956167,-0.016369356088458645
0.5338154069035763,0.5253646873324778,-0.6710587602907445,0.8469911456962027,-1.9438987563768446,-0.23592620808811127,0.014959108500006469,-0.015989699818712306
0.5329111577700427,0.525462376925792,-0.6672010523457717,0.841373829818056,-1.9436267501130056,-0.2359461861368306,0.015110590041892143,-0.016844533310777267
0.5323679380558506,0.5256367713238603,-0.6628773485009942,0.8381918585927677,-1.9437900300064337,-0.23595633456966425,0.013793423532917203,-0.016194567758935734
0.5322930115034294,0.5262140660851378,-0.6637514157799833,0.8365189409139484,-1.9439360508744246,-0.23595436763805466,0.015040378064695699,-0.016160449556417544
0.5323571250397041,0.5264359223864084,-0.6647040830958995,0.8369305752565799,-1.9439288054255872,-0.23595027483071096,0.013758105879265993,-0.016231726234567458
0.5304871225522776,0.5228592956776827,-0.642688491249821,0.8331817007560289,-1.9430244737070712,-0.23593954008526552,0.014997018823963074,-0.0162494828041736
0.53582016354415,0.5276594047895875,-0.6904412568246565,0.8513159673679658,-1.9454866481353434,-0.23594032677216692,0.015002597257781946,-0.01625939015453162
0.533295322067902,0.5274398618192482,-0.6755530127671578,0.8401846436197147,-1.9434516353576194,-0.23594304412781408,0.013468602346846239,-0.016541804246336122
0.5323081331914388,0.5251250743610365,-0.6618796631678334,0.8398695604315485,-1.9433923331298129,-0.23596082879556324,0.014205304307638281,-0.015792829516240676
0.5321271415639348,0.5256489157884339,-0.6613819481961158,0.8370160323390605,-1.9438451392332325,-0.2359646269030895,0.015038152604075525,-0.016039277259262137
0.5306114892840066,0.5224429637469354,-0.6420959718616395,0.8317875624221065,-1.9429125759502854,-0.23594952939188296,0.013778091156121787,-0.016170750852072913
0.5324859917765812,0.52534633376656,-0.6627249797456729,0.8384685752672469,-1.9445926541223226,-0.23595319577202112,0.013360386417520975,-0.016609689356608944
0.5362989765551909,0.5299143784406741,-0.6996967449048919,0.8510644620022703,-1.9453261970919815,-0.23593824060771063,0.0141520427961765,-0.015868814936211565
0.5330300470239369,0.5274546825372788,-0.6738705943418326,0.8413860053196283,-1.9431024145863889,-0.2359464785849088,0.015133082815508236,-0.016728278320646304
0.5320021766437151,0.5247343432768279,-0.658595767469297,0.8399895237654578,-1.943364991191915,-0.23596882020896892,0.015073985114448183,-0.015767291530148497
0.5304377510815401,0.5217547701501246,-0.639053101753797,0.8317042748356744,-1.9428696170125033,-0.23596106008427054,0.014997723031370029,-0.015948608702074485
0.5325650117457812,0.5248301630728065,-0.6613384895970329,0.8368261059005508,-1.9444896685871447,-0.23595962285823813,0.013472956742588173,-0.01650056577105316
0.532818239221462,0.5274922787439742,-0.6707331585435226,0.8376250702706765,-1.9445068551503182,-0.23594989415509637,0.015052672124886599,-0.01614295924487669
0.5324920965258313,0.5277386058569604,-0.669554440732985,0.8395630214904442,-1.944290418389734,-0.23595158207132183,0.015058959818165742,-0.01644677499764243
0.5339411171167496,0.5256819676833198,-0.672873118133233,0.8478704113241076,-1.9439466609531166,-0.23594628051603728,0.013890108308495849,-0.016079410546579007
0.532929527673514,0.525670642434596,-0.6680213290483552,0.8420339469616502,-1.9436631288858592,-0.23596931844830582,0.015108845807793588,-0.0168918186462768
0.5323573541351925,0.5257873169820169,-0.6631681747856826,0.8383172602660212,-1.9438497063120614,-0.23598094784224077,0.015040426816887886,-0.016183598096912364
0.5323075644669766,0.5262857556657154,-0.6640053511196751,0.8363853632347267,-1.9439371982545914,-0.2359790679590965,0.015047280695509833,-0.016163652781614097
0.5323755942622928,0.526516029966535,-0.6648705978400979,0.8367440670035231,-1.9439548886818772,-0.2359743487191608,0.015047612527319407,-0.016213645448871376
0.5304764529705759,0.5229311379711472,-0.642955746177237,0.8330621407424657,-1.9430200084783644,-0.23596336869754797,0.015002673076752633,-0.016260169176487944
0.5358714832411406,0.5276169755372218,-0.6906398534640514,0.8512093118165591,-1.9454328083178876,-0.23596426909086876,0.01372972354626123,-0.016286125554675165
0.533305242665894,0.5274866986122353,-0.6755701392492091,0.8401105992907443,-1.9434754531562977,-0.23596661157800103,0.015130196523528422,-0.01650621200015205
0.5322744254539229,0.5251949602376893,-0.6617823918245138,0.839787261065382,-1.9434377890368317,-0.23598412569115812,0.015073989979965027,-0.01583302038182886
0.5321395115497269,0.5255944414333387,-0.6613358188473217,0.8370116035926527,-1.943814818810596,-0.23598803071741603,0.013933893156454238,-0.016056881747978334
0.5306031254412273,0.5224528761011884,-0.6420034310415499,0.8317833782865334,-1.9429324121543115,-0.2359726857539588,0.014995928618009514,-0.016151993419631628
0.5324906092424726,0.5253332730344162,-0.662725563550385,0.8384861578175444,-1.9445989654619442,-0.23597636007709166,0.013360856340569152,-0.016608520146787552
0.5362951561366902,0.5299275851449039,-0.6996705269998564,0.8510833602243411,-1.94534584554264,-0.2359612377078717,0.015022263832215929,-0.01584949574126178
0.533030926420965,0.5274460328847388,-0.6738797887160333,0.841427765136114,-1.9431092797823126,-0.2359695149896206,0.015136499551191292,-0.016738026898683624
0.5320136177649566,0.5246891594476022,-0.6586260417066923,0.8400825617058931,-1.9433264224842173,-0.23599184077697455,0.014210512326752479,-0.015789657188135416
0.5304358492439505,0.5217335598074992,-0.6390377902063236,0.8317886196060895,-1.9428516918665837,-0.23598402129628582,0.014992939341130017,-0.015951516201250984
0.532543967849425,0.5248762313648152,-0.6612718951562151,0.8368931311276944,-1.9445311591792542,-0.23598240582145458,0.01502054359397417,-0.016478585954820303
0.5328058313500001,0.5274892733128604,-0.6706601103354615,0.8376777115254024,-1.9445291258394821,-0.23597286491473746,0.015058772216827948,-0.016158335502290545
0.532483873832815,0.5277241418668961,-0.6694787087889864,0.8396142262005997,-1.9442955812752665,-0.23597461564830802,0.015058655742571939,-0.016445218965740506
0.533923711441842,0.5257032726503015,-0.6727849331278142,0.8479082630848538,-1.943979390159157,-0.235969160089609,0.01496880813901896,-0.016068111807741363
0.5329272848031419,0.5256788226045437,-0.6680618734548185,0.8421003753815031,-1.9436805117389548,-0.23599227442604764,0.015113541691858707,-0.016898033753851842
0.5323725624821609,0.5257541523735147,-0.6632823086939341,0.8384389498158997,-1.9438103401417735,-0.2360040154893941,0.013780906076302831,-0.016205128906978547
0.5323233118317567,0.5262429035206466,-0.6641144108209671,0.8365294372478642,-1.9438789940399417,-0.23600222046491126,0.01380155936748936,-0.016186822253501373
0.5323920911980302,0.5264688458411788,-0.6649741283562784,0.8368923930867629,-1.9438905493093266,-0.2359975826271974,0.013756771931539763,-0.01623278359238091
0.5304753065433907,0.5229284636105556,-0.6429883612851528,0.8331721120059861,-1.9429949489732667,-0.23598649540959737,0.014996547858640765,-0.01625651358659971
0.5358683950308674,0.5276242328374963,-0.6906654611390923,0.8512964620188734,-1.9454289553836004,-0.23598744911379033,0.013728371860484642,-0.016287784412580615
0.533304072490445,0.5274942179188695,-0.6755896623108679,0.8401769950686964,-1.9434772779919038,-0.23598982822440728,0.015132886158954622,-0.016510844403527156
0.5322746789786805,0.525197049280874,-0.6617874445933669,0.8398314521169885,-1.943438855396039,-0.2360073392465507,0.015074243660796283,-0.015832052176630328
0.532124943061616,0.5256336754906092,-0.6612747731683202,0.8370147729888888,-1.9438537111224985,-0.23601110609016995,0.015040531698086246,-0.01603810715015319
0.5306185280123898,0.5224156736826684,-0.6420516951090374,0.8318211342338415,-1.942910660861079,-0.23599596635372766,0.013782343782544646,-0.016166606474032882
0.5324981660440073,0.5253283775250814,-0.6627553760322318,0.8385200778334987,-1.9445891274438116,-0.23599951171188582,0.01335780723669069,-0.01661206912289568
0.5362975485334722,0.5299284126436588,-0.6996805411547768,0.8511026120858274,-1.945343889524196,-0.23598433443306366,0.015020753295437207,-0.015848874712784664
0.5330610878290258,0.5273831806532838,-0.6740137432777562,0.8415189152345341,-1.9430435189037496,-0.23599278766149911,0.013231990947328628,-0.016783834234098887
0.5320395377545619,0.5246860414956114,-0.6588432045061285,0.8401742435228634,-1.943302885451276,-0.23601511070657377,0.014269674689957868,-0.015731671016399218
0.5304646254951635,0.5217262850901134,-0.6392832835228903,0.8318801468827015,-1.9428166185344917,-0.23600741475925702,0.013987313082614264,-0.015964324909714663
0.5325768184741086,0.5248506586123209,-0.6615179288575881,0.8369859256329075,-1.9444740832401326,-0.23600594385705786,0.013457158297904268,-0.016516982775275014
0.5328395820205785,0.5274720760963572,-0.6709124382577194,0.8377848598252946,-1.9444648586311866,-0.2359964011211737,0.01380525421131943,-0.016171747362896796
0.532517762912633,0.5276919678160041,-0.6697056119529599,0.8397210269163438,-1.944223068405753,-0.23599817807917844,0.013512888642877027,-0.016466910642764645
0.5357411022421115,0.529568316421388,-0.6951580572149343,0.8525943658418962,-1.9450518736923268,-0.23599649609959084,0.015028069195936872,-0.01602663594174837
0.5326140614025547,0.5266108804746974,-0.6688281997430661,0.8407439290383181,-1.9429097077931088,-0.23600726210262923,0.013523634012532202,-0.016501583439547517
0.5303067741820833,0.520892749192341,-0.6362181032703749,0.8338984144991972,-1.942352393003338,-0.2360141000558693,0.01499999887852758,-0.01581142998325907
0.5322722304008227,0.5239036892957589,-0.6568995120660786,0.8363615835533542,-1.9443387155437364,-0.23601895039037668,0.013676581055972706,-0.016302716280174597
0.53277849089016,0.5267958057575317,-0.6683487716597147,0.836044447815568,-1.944365869390837,-0.23600560126579406,0.013935700248225222,-0.016045353586527755
0.5307800442396049,0.5234809259835052,-0.6465717509131998,0.8340344865267726,-1.9431012767298315,-0.2359931696064006,0.013513886741086249,-0.01643023509300992
0.5360243462364895,0.528219807265276,-0.6932728070539387,0.8528813339310695,-1.9455821808394242,-0.23599680927030242,0.015003498883352624,-0.016367867727157877
0.5332774440874779,0.5279107639942362,-0.6768447880578954,0.8409423609416535,-1.9435803546630952,-0.23600288864175134,0.015145757063468091,-0.016557780169345424
0.5323300675573837,0.5253358172597631,-0.6624422851531335,0.8399524546386079,-1.9434653023217745,-0.23602234528237886,0.015085055475215988,-0.015756902372235895
0.5321668371364803,0.525758255805715,-0.6617600073438421,0.8367728665162391,-1.9438434674505718,-0.23602581749856633,0.015043435351127668,-0.01602957147243666
0.5323258604414756,0.5262175317189746,-0.6636428528938652,0.8360781324893649,-1.943927675078438,-0.23602003301483432,0.01504858728843133,-0.016141877132791797
0.5305240537608356,0.5228122048835768,-0.6427527460078268,0.8324882657140842,-1.9429867782089882,-0.23600554222305803,0.015002990438955038,-0.01622160652158138
0.5359117491152192,0.5276256013069798,-0.6907455233234323,0.8511894571554892,-1.9454560952444204,-0.23600403383232926,0.0150083921657978,-0.016271576256888555
0.5333060519729154,0.527371375525183,-0.6753358085571719,0.8402887582824219,-1.943441526753043,-0.2360069128542488,0.01349405493346702,-0.016516258499736987
0.5322806659550077,0.5250843460671515,-0.6615523867044786,0.8399903957289423,-1.943420112289175,-0.23602503178334544,0.01422563170154852,-0.015771944624206925
0.5304957128251617,0.522061914259802,-0.6405162930048416,0.8325289349032037,-1.9428984584745574,-0.23601867048027536,0.014996454857749664,-0.016026973868413508
0.5325551838739262,0.5250528591685306,-0.6620522916816007,0.8375860970717905,-1.9445522780846654,-0.23602078632024792,0.013419370542734886,-0.016551660393399403
0.5328172001760514,0.5276161206481715,-0.6711905000245988,0.8378739470188856,-1.944506578883959,-0.2360127806764334,0.013805287307684891,-0.01616964060999986
0.5325117837945541,0.527796699734262,-0.669931706612445,0.8395606071262671,-1.944224796214237,-0.23601452070235762,0.013513631769898296,-0.01646491176713214
0.5357432899037438,0.5296429155455256,-0.6953322439471439,0.8524429764689909,-1.9450535255502581,-0.23601266595436776,0.015028404363342324,-0.016020827488721485
0.5326071171474123,0.5266541296545695,-0.6688634312319346,0.8405667399688301,-1.942886310139471,-0.2360232097638626,0.013514039598564934,-0.016511057900979047
0.5303166398209083,0.5208868815049037,-0.636274042675244,0.8337306292791933,-1.9423035264187325,-0.23602988553572501,0.014151601128980989,-0.015808876016690697
0.5322719838363339,0.5239292918133804,-0.6569552519717776,0.836210534026895,-1.94431423762558,-0.23603453388418671,0.01366911823530716,-0.01631023592902753
0.532771284737283,0.5268240539237974,-0.66836978023212,0.8359055648213589,-1.9443512241050813,-0.23602105868368817,0.013932687416238893,-0.016048451625341954
0.5325639463138181,0.5273514225044318,-0.6688871117495845,0.8384682732372655,-1.9441301379491236,-0.23601759633685138,0.01357222978493463,-0.016410825473472418
0.5304648394324722,0.5233748485747203,-0.6442620661678244,0.8347535692725785,-1.9431283126227,-0.23601412402132294,0.01357137872796982,-0.016372466682678728
0.5357801185506643,0.5280687285873924,-0.691440058884333,0.8522021476881889,-1.9455918833946768,-0.2360192894969666,0.015012173714097427,-0.016274412801265285
0.5332775154901848,0.5277996870793835,-0.6762000927616514,0.8400452138575352,-1.9435351360730415,-0.23602238430057287,0.015143148670621526,-0.016518804082702915
0.5322852621254954,0.5253730526042624,-0.6622592836520935,0.8394677076944506,-1.943436088532291,-0.236039645511382,0.015082987461318465,-0.015776307651139274
0.5321234252009344,0.5258002397201667,-0.6616373451344684,0.8365919366771868,-1.9438361439052434,-0.23604291634972885,0.015043309964070342,-0.01604513434509685
0.5305791718997854,0.5225918746293958,-0.6421456835491686,0.8312942845370914,-1.9429319886204244,-0.23602717362014936,0.015002448107288211,-0.016168426640269365
0.5359458614028236,0.5275528327262204,-0.6907865790061454,0.8501113456380756,-1.9453262207098625,-0.23602162745638733,0.013747645668390814,-0.01627153541498574
0.5333276637480706,0.5273977207926563,-0.6754081351773618,0.8398623118535049,-1.9433971655217892,-0.23602233931660788,0.015129188515965428,-0.016493803730280098
0.5322562969250333,0.5251223377995968,-0.6614034276427567,0.839839839823755,-1.9434377010695503,-0.2360402486955211,0.01507345696966209,-0.01582605178703337
0.5321075826938619,0.5255765131130348,-0.6609480056500177,0.8370192779992278,-1.943883046736624,-0.23604447079137447,0.015041898400190375,-0.01601700719227891
0.5305563063486085,0.5224150583862421,-0.6416383263533127,0.8317525667828596,-1.9429645554923054,-0.236029102337306,0.01500249152392814,-0.0161325238987048
0.5325268487843768,0.5252847876028275,-0.6626494892394019,0.8385346086741672,-1.9446216987167029,-0.23603256614699664,0.013368855824221856,-0.016600109750996024
0.5327247758554812,0.5277545683991196,-0.6710897582600586,0.8386181782412203,-1.9446133498574003,-0.23602861519712004,0.013785680918204823,-0.016186921006714476
0.5359965854583848,0.5301276541631159,-0.6985230251015393,0.8526813864184675,-1.9450711432551255,-0.23602157294474058,0.015028699337686828,-0.016114609925719767
0.5327662642548461,0.5270727176375569,-0.6709101489749365,0.841434883653922,-1.9430387838583147,-0.23603369441923494,0.015139126870313163,-0.01658508451043892
0.530273751802623,0.5210849325819398,-0.636936370066616,0.8345149361036528,-1.9423522896932557,-0.23604413825647885,0.014180053524241915,-0.015778476964078105
0.532283578230782,0.524013761118086,-0.6573161818790938,0.8364800633138145,-1.9443341551502478,-0.2360506506011708,0.013662533477959746,-0.016314714943079203
0.532799344741246,0.526890324489397,-0.6687066218469164,0.8358936269307371,-1.9443430348560868,-0.23603701178811676,0.013927771026415242,-0.016052225905721307
0.5325610795509164,0.5274684983363098,-0.6691301208103129,0.8384263274128188,-1.9441506619183881,-0.2360327283166832,0.015049154318842947,-0.016391738600300472
0.5304620527124939,0.5234735449904049,-0.6444256885308031,0.8347304604718992,-1.943169727506854,-0.23602882256229307,0.015012776168771974,-0.016374122485670158
0.5358007827021884,0.5280685127700835,-0.6916656182618759,0.8523328671639723,-1.9455436647430009,-0.2360340739091562,0.013738623292640176,-0.01627214469252075
0.5332809452010983,0.5278485328652973,-0.6764367251444909,0.8401423388555349,-1.9435050273919856,-0.23603718707708765,0.015140115440182924,-0.016539609534804593
0.5322905292848317,0.5253856984088516,-0.6624265526218505,0.8395685725365292,-1.9434242936710389,-0.23605417655581284,0.01508262099035227,-0.01576929956836251
0.5321166344406576,0.5258037282305184,-0.6616804837016339,0.8367139240108479,-1.943832855418723,-0.2360572962043026,0.015042209769237992,-0.016046259355911852
0.5305725899880107,0.5225228301756886,-0.6420524259841676,0.8314011879222303,-1.9428839775928797,-0.2360414177782708,0.013765312394586308,-0.016180680730923085
0.5359487909728875,0.5275984898464348,-0.6909134553625176,0.8503883177520297,-1.9453505219918945,-0.2360354897952437,0.01499353228570863,-0.01625569663569874
0.5333213863302158,0.5274264239948643,-0.6755113934131529,0.8400369577676452,-1.9434180658297553,-0.23603629178891516,0.015134749756379209,-0.016510429321300795
0.5322453120656307,0.5251276358714518,-0.661402517471263,0.8400171566506289,-1.9434469798637481,-0.2360542903085321,0.015073577205194772,-0.01582312285988166
0.5321113265988471,0.5255399825389553,-0.6609817458484555,0.837209416561298,-1.9438533110375253,-0.23605861817128648,0.013957402100719642,-0.01603340178810647
0.5305433840378297,0.5224011440229468,-0.6415658264998552,0.8319042186139756,-1.9429524433233603,-0.2360430141618668,0.014997025609299067,-0.01612559569087573
0.5325202311951562,0.5252935544955983,-0.6626661082547507,0.8387153184815448,-1.9446284532152065,-0.23604646919539096,0.01336593927149144,-0.016603092202494
0.5327193007081501,0.5277728182763299,-0.6711265414611649,0.8387846509351045,-1.9446241300852654,-0.23604252967236583,0.013786085587050793,-0.016186506454445315
0.5360107041259585,0.5301120983614656,-0.6986613504408172,0.8529054637531974,-1.945049440417221,-0.23603558693755922,0.01389887486744953,-0.016129296708097075
0.5327917538183709,0.527011227806482,-0.6710371000993476,0.8416608591443611,-1.942965955588373,-0.2360478852786887,0.013392410014955057,-0.016628752128853203
0.5302741801689805,0.521117610956261,-0.6370511355011601,0.8346748186001856,-1.942363227406113,-0.23605834306439633,0.015008849407362964,-0.015726956101830464
0.5322904373984816,0.5240506252192931,-0.6574762601287016,0.8366134013600153,-1.9443467206877845,-0.23606485322029158,0.013658817322188592,-0.016318353266692075
0.5328048213795364,0.5269217826554504,-0.6688322264901672,0.8360161800540933,-1.9443515634445943,-0.23605117441040502,0.013924381215273863,-0.016055655814761063
0.5325636264935172,0.527490412069545,-0.6692004745409026,0.8385333933619084,-1.9441579329246679,-0.2360468702617169,0.015049658357031908,-0.01639398617543155
0.5304825386888368,0.5234361179431319,-0.6445286394878771,0.8348561311788156,-1.943128517072001,-0.2360430905206643,0.013554279845556147,-0.016388547984775282
0.5358074663626153,0.528073555283683,-0.6917224291404436,0.8524272947678657,-1.9455347366580096,-0.236048156647664,0.013738359980458989,-0.016272797816696702
0.5332850829613447,0.5278628111114037,-0.6764833497665004,0.8402313910285493,-1.9435093634141687,-0.2360512714228289,0.01514036150507303,-0.01654526556214729
0.5322936322536931,0.5253913881808998,-0.6624377994786164,0.8396296751251047,-1.9434308420951822,-0.23606828737991314,0.015082646613224348,-0.015765348343854298
0.5321334397075139,0.525765047214267,-0.6617224607609957,0.8367790347298438,-1.943802465258968,-0.23607153573645867,0.013926403431489692,-0.016063684366171366
0.5322856800323832,0.5262010441991354,-0.6634835534389092,0.8361373066471067,-1.943889048693169,-0.23606618223339737,0.013823311980051125,-0.016167663289700603
0.5304547797074202,0.5227472861223612,-0.6422860176102816,0.8324002063042775,-1.9429336591495225,-0.2360515876451128,0.013711987809422767,-0.016233610020378847
0.5358970895862658,0.5276890029813623,-0.6909355394784447,0.85144774776718,-1.9454621891393424,-0.2360497406476929,0.015005382352152716,-0.016270059336974407
0.5332893425553014,0.5274658780172734,-0.6755620902820061,0.8403495858551606,-1.9434495927228843,-0.23605276533863861,0.013474188368962888,-0.01653726305428024
0.5322468327786236,0.5251720955068997,-0.6616002876295584,0.8399821353424164,-1.9434541786490724,-0.23607106800859246,0.0150743625463939,-0.01574560874217688
0.5304487742225552,0.5220923922214693,-0.6403512816067769,0.83241134073785,-1.9429051219640048,-0.23606457153344174,0.014999726569099711,-0.01603394802080256
0.5325060246350226,0.5251481088967962,-0.6619117668178021,0.8375036934705706,-1.9446096608219907,-0.23606646355334693,0.015023858215274232,-0.016525074488957577
0.532769310725965,0.5277143765988885,-0.671056015814564,0.8377473759597311,-1.9445812961654028,-0.23605832212776967,0.015062429089242418,-0.01616758546972413
0.5360322520665024,0.5300655889843116,-0.6985222921828367,0.8523989022926219,-1.9450431610511378,-0.236049667463055,0.015032226579776355,-0.016124510589858032
0.5327865804491969,0.5269511329528553,-0.6708845165983908,0.8414860715414871,-1.9429387060782366,-0.2360619155917405,0.013383734103257435,-0.016637216924619846
0.5303202885356706,0.5210069017030428,-0.6369523767964216,0.834601562082586,-1.9423451585869334,-0.2360724395776277,0.014209338741637788,-0.015749149498354903
0.5322720806904515,0.5240225162870553,-0.657421044943697,0.8366053104513709,-1.9443394235289784,-0.23607872247193207,0.013647418516895023,-0.016330198970792714
0.5328326237825607,0.5269097509716385,-0.6687844452668363,0.8360078915000217,-1.9443816600698725,-0.23606482495611392,0.015048638724860302,-0.016037587230251338
0.532540109220923,0.5274869202056012,-0.6691362135835073,0.8385920495698729,-1.9441858731930335,-0.2360606062272188,0.015054247813826548,-0.0163966119363484
0.5322491376039746,0.527279712411528,-0.6666251063370092,0.8395640870645051,-1.944206081558577,-0.2360661858241242,0.015058252056563828,-0.016339664612613405
0.5337853505971557,0.5253414589634087,-0.6708063295110867,0.8471087564351594,-1.9439535684109224,-0.23605972155154298,0.014966097130312644,-0.015993600902460336
0.5329082029010275,0.5253703429433525,-0.6670797384932268,0.8414874463407829,-1.9435884583700629,-0.23608033187184674,0.013127878409789368,-0.016874275369206996
0.5323539383243867,0.525621334004768,-0.6627911658617478,0.8382550335631676,-1.9437817412484968,-0.2360905508414035,0.013823080287770899,-0.016164746612185168
0.532295723183549,0.5261836567547835,-0.6637798388872742,0.8365866259971808,-1.943903442045217,-0.2360888108394814,0.013808511403634118,-0.01618080866948347
0.5306180235148457,0.5228013691427504,-0.643164904714169,0.8323707846573241,-1.9429559181293445,-0.2360745586868198,0.014997688742129558,-0.016219390372018184
0.5359211920353557,0.5275957289367952,-0.6908492210251254,0.8508503674657772,-1.9453803195076729,-0.23607280944810416,0.01372305474197048,-0.016293542658503125
0.5333034816100986,0.5274390580789277,-0.6754928364284947,0.8401762191043192,-1.9434431177054279,-0.23607501781328555,0.015132687064415156,-0.016503388827244336
0.5322999990532837,0.5250874281460414,-0.6616164023683151,0.839906544272945,-1.9433996934448352,-0.23609312239056113,0.014146910154063113,-0.015850054235016023
0.5321374770574208,0.5255678142067888,-0.6611441644324723,0.8370259471758246,-1.9438448794759058,-0.23609713973275515,0.015037308019847394,-0.016029677172574218
0.5306445451224482,0.5223880128180278,-0.6420985340120406,0.8318374508338096,-1.9429152015216937,-0.23608202435117676,0.0137965251516649,-0.01615293121496305
0.532522737222946,0.5253033172839077,-0.662834820330553,0.8385229351668624,-1.944586977697801,-0.2360854011114517,0.013360713466139222,-0.016609642170046325
0.5327748339952754,0.5277076620515908,-0.6711992529367548,0.8385622912375164,-1.9445738284551615,-0.23608151903832297,0.013769726078786189,-0.016204118941882686
0.5360186441862718,0.5300430079574765,-0.6982545496990094,0.8524117290898481,-1.9450665492777555,-0.23607472112698957,0.015027618518448558,-0.01611539475605645
0.5327401385481343,0.5270264289321585,-0.670982386436684,0.841383970964654,-1.9429511858719604,-0.23608665849584565,0.013385905227251874,-0.01663479473021034
0.530373444679733,0.5210893200051334,-0.6373742994182852,0.8345102915211564,-1.942375390680259,-0.2360970277492127,0.015007814812096194,-0.015748626349823755
0.5322894657113784,0.5240965354930927,-0.6575132556855845,0.83646663973063,-1.944376550875,-0.23610323031652403,0.015017331856174522,-0.016300548134633247
0.5327870642789296,0.526941028328257,-0.6687307552726303,0.8358627992938725,-1.9443929388528431,-0.23608966471806347,0.015054308475237742,-0.0160552691664643
0.5325795202344352,0.5274416439481175,-0.6691195955803746,0.8383806854271629,-1.9441686726308696,-0.23608558293398207,0.015054013584729065,-0.016405378627952525
0.532287084825855,0.527204530083373,-0.6666740838576866,0.8393862678529196,-1.9441554749885492,-0.23609111892675028,0.0136160621506324,-0.01636719084697868
0.5337635928303053,0.52533075874108,-0.6709094571530327,0.8469104249921209,-1.9438888583178517,-0.23608464510131721,0.013974977022955679,-0.01599751347516482
0.5329720304377767,0.5253270055368056,-0.667179763887825,0.8413202850187469,-1.943553474218648,-0.23610498771402444,0.01311429828911247,-0.016888485023472545
0.5323293603415555,0.5256727243535879,-0.6627569712578438,0.8381051759170921,-1.9438111561835534,-0.23611493269670714,0.015029306783460568,-0.01614871924558615
0.532285030533,0.5262261515962541,-0.6637304222962879,0.8364294618460546,-1.9439521832543587,-0.2361131894953319,0.015047012135115693,-0.01616728937031163
0.5306285801943531,0.5227668511204939,-0.6432552126477473,0.8322746864659836,-1.942928876893843,-0.23609923681313472,0.013707893163130588,-0.016241281389892098
0.5359414612841054,0.5275992281966655,-0.690774627173214,0.8506838381117277,-1.945385946140953,-0.23609723338275312,0.01499469515484849,-0.01628150047907591
0.5332748097154045,0.5274598782827846,-0.6754716155418219,0.8400607492957199,-1.943458108670126,-0.2360993447656936,0.015134654440190902,-0.016513462664559022
0.53231054157831,0.5250775409533821,-0.6616427651936867,0.8398223509157319,-1.9433980714406323,-0.23611745116960403,0.014137725050968407,-0.0158590889395491
0.5321537705427319,0.5255216657246269,-0.6611987789744411,0.8369952918795391,-1.943805039374939,-0.23612162821244365,0.013939342322188889,-0.01605189303403978
0.5306433683582323,0.522379969343393,-0.6421112931576509,0.8318040221284804,-1.942896357337026,-0.23610646467032126,0.013799616840860443,-0.016150454128693172
0.532522113842453,0.5253008402693817,-0.6628399470034987,0.8384881936841762,-1.9445779934745895,-0.23610985886932667,0.013357570843352755,-0.016613131752152316
0.5327580776064682,0.5277478740523156,-0.6711306489099398,0.8384950077713347,-1.9446085289427746,-0.23610583837330967,0.015055600437605607,-0.016182452769712946
0.5360139639852282,0.5300454337909581,-0.6982290266598268,0.852358515260212,-1.9450808031657223,-0.23609919573449556,0.0150335804071128,-0.016127299884966778
0.5327151568621726,0.527088844555049,-0.6708914954556437,0.8412895820870325,-1.9430164057915942,-0.23611098838151712,0.015137219117522471,-0.01659710939403109
0.530357794038137,0.5210851237980156,-0.6372216201763017,0.8344243342003406,-1.9423957485026309,-0.23612136191716182,0.015013714440383671,-0.0157940179175895
0.5322818082155649,0.5240687884509061,-0.6573757099948905,0.8364213036216777,-1.944377135858498,-0.23612758442399873,0.015016437592801527,-0.016295114435947285
0.5327994589814855,0.5268787548418956,-0.6687124375537836,0.835860100545724,-1.944350463547745,-0.23611412601044446,0.013905924427098055,-0.016074073852855572
0.532583235256376,0.5274211238181872,-0.6691150529847958,0.8383844671029985,-1.9441465650029555,-0.23610992713441092,0.015047702639413886,-0.01639886862549003
0.532267220195406,0.5272484076451356,-0.6666112825719184,0.8393592275509842,-1.9441950220982775,-0.2361153408423986,0.01505700468926478,-0.016346876692613366
0.5337584658412826,0.5253325076647579,-0.6708972552278292,0.8469009965928267,-1.9438998840816941,-0.23610899921090933,0.013962228565744531,-0.01601024612680931
0.5329717868172956,0.5253239980309905,-0.6671933596693158,0.8413279719717499,-1.9435523804010684,-0.23612936806874885,0.013113322656693755,-0.016888433702257316
0.5323465367222759,0.5256304824460205,-0.6628553413933762,0.8381526860986854,-1.9437671696564678,-0.23613944547031274,0.013816327297329867,-0.01617156168746854
0.5323052775286632,0.5261767058572309,-0.6638434233770569,0.8365044613254193,-1.9438882831205575,-0.23613774692176648,0.01379754870934469,-0.01619180922065776
0.5306433569301614,0.5227586485686366,-0.6433192127082465,0.832326858352741,-1.9429015733159982,-0.23612372220585076,0.013709409333270826,-0.016240068470224495
0.5359238504380404,0.5275783879674458,-0.6908485427731748,0.8507521056075236,-1.9453498169572407,-0.23612193135062043,0.013713755706243834,-0.01630278983031375
0.5333338204134641,0.5273768104399537,-0.6756414031968774,0.8401713396933914,-1.9433675429733013,-0.23612419319642708,0.013460901539490248,-0.016550476338308768
0.5323186948289802,0.5250969062689546,-0.661794314729292,0.8398825115466426,-1.9433946508413111,-0.23614220525891216,0.015069501377796234,-0.01578128891073042
0.5321496448907226,0.5255777238301853,-0.6612636174538933,0.8370014799673813,-1.9438396645412706,-0.23614623136183166,0.015040642380950469,-0.01603246931406599
0.5306381883027802,0.5224453678813141,-0.6421513917767285,0.831780686846078,-1.9429488041973322,-0.23613103634496824,0.015002482616717315,-0.016148403449329784
0.5325255734799734,0.5253185665280595,-0.662886195044301,0.8384698825790133,-1.9445951112599857,-0.23613446381177994,0.013361465253122307,-0.016608721832278708
0.5327631205475454,0.5277516315546213,-0.6711652001183417,0.8384915052416009,-1.9446108127151067,-0.2361303708679996,0.015055941129579073,-0.016183428179189302
0.5360328716686036,0.5300102592662199,-0.6983232380885145,0.8523999683138612,-1.9450447758957008,-0.23612372095552026,0.01388111491019847,-0.016147037961776904
0.5327467816956046,0.5270182406410973,-0.6710269466720948,0.8413891370099922,-1.9429346808419234,-0.23613556483689457,0.013382000023583553,-0.016638828734867973
0.5303886106105731,0.5210542533855378,-0.6374463277757396,0.8345407129594467,-1.942334363581864,-0.23614590338083907,0.014199122217637554,-0.01575995679567039
0.5322912579363948,0.5240825599130305,-0.6575098516732885,0.8364855844771322,-1.9443590863963687,-0.23615203697386455,0.015012883609181177,-0.0163116780427968
0.5327860063001921,0.5269320854439901,-0.6687144932229954,0.835867485852785,-1.9443871323784192,-0.23613848222025347,0.015054218923253117,-0.016057949188817457
0.5325779275851712,0.5274340312935424,-0.6690988615455735,0.8383797493836669,-1.9441658192950975,-0.23613439561748173,0.015053770013692255,-0.016406815957079733
0.5322663483906513,0.5272490232339884,-0.6665861508059905,0.839350156167634,-1.944202630662522,-0.23613979375504535,0.015057516166469262,-0.01634357960216773
0.5337473386355622,0.5253646559001446,-0.6708323342034301,0.8468771566726749,-1.9439355725170646,-0.23613329463386545,0.014965492881937555,-0.01600048268840483
0.5329437719591965,0.5254056108688117,-0.667094088314518,0.841260061901437,-1.9436373745315167,-0.2361534482620442,0.015110904637683654,-0.01683547770983225
0.532322446597508,0.5256783477022511,-0.6627151294139493,0.8380896336625607,-1.9438445993371856,-0.2361635768301653,0.01503841994344977,-0.016174331226134382
0.5322995355161506,0.5261767447845163,-0.6637737319300809,0.8364737762564332,-1.9439172043702406,-0.23616198449881676,0.013802421697484126,-0.016186190652092397
0.530622961949339,0.5227928090420653,-0.6431945304228366,0.8322860300842567,-1.9429506348394145,-0.23614773645905984,0.014996726231541288,-0.016224227820256416
0.5359110806680647,0.5276271529102416,-0.6908224808436012,0.8507659728527557,-1.9454049499241357,-0.2361458441149651,0.014998868442539849,-0.01627883061097671
0.5333279558076214,0.5273874492121617,-0.6756550660567386,0.8401731095166527,-1.9433937003235675,-0.23614816353353163,0.013450897326043945,-0.016559211476460268
0.5323114178044115,0.5250982910043742,-0.6617931999201909,0.8399253244542644,-1.9434044657180962,-0.236166241028414,0.015069611727071882,-0.015784213371892404
0.5321611086515272,0.525547355750315,-0.6613687483369839,0.8371005189691454,-1.9438057689000035,-0.23617042073776062,0.013935296747126005,-0.016055606950216426
0.5306486002555078,0.5223999717949797,-0.6422231829913656,0.8318944348449113,-1.9428925927907938,-0.23615522028112412,0.013792748547568373,-0.0161565801790458
0.5325237614306992,0.5253204558472291,-0.662926479145991,0.8385963253591528,-1.944576912187605,-0.23615862769694473,0.013354111506313653,-0.016616244853512263
0.5327591024160894,0.5277656155954427,-0.671200903357926,0.8385950477856019,-1.944608480038445,-0.23615459079982148,0.015055901257976512,-0.016184965485695188
0.5360308902085924,0.5300264636184302,-0.698375626087282,0.8525079385094863,-1.94504629422784,-0.23614800555970472,0.013878977196710524,-0.0161489462528511
0.532744746942611,0.5270289344916606,-0.6710572543921245,0.8414652033315759,-1.942934965787261,-0.23615988554953216,0.013382632108553283,-0.016638314350086746
0.5303871855310502,0.5210609648673747,-0.6374702465634963,0.8345946484255107,-1.9423341388835063,-0.2361702073109191,0.014200570034430354,-0.01575869816513336
0.5322901479209783,0.5240891727803847,-0.6575295618129333,0.8365358604148243,-1.9443601498762302,-0.2361763169810258,0.015015126604193444,-0.01631119650845922
0.5327859974714144,0.5269383977288564,-0.6687352525757086,0.835919091132463,-1.944388325376993,-0.2361627353194269,0.015054075772123829,-0.016058641799145918
0.5325779260916992,0.5274409935263025,-0.6691209659831232,0.8384305779827796,-1.944167757644074,-0.23615863465446463,0.015053856739791788,-0.016407615871437173
0.532286079867176,0.5272057105972507,-0.6666799721990131,0.8394329860823042,-1.9441561637087892,-0.2361641457143655,0.013613996738390512,-0.016369374004008567
0.533761571171488,0.5253336594453835,-0.6709300071797761,0.8469689739347634,-1.9438896752666146,-0.23615763436127413,0.013972215452490742,-0.016000327587572815
0.5329474027449814,0.5254005551980674,-0.667107015666212,0.8413268772607898,-1.9436188592955377,-0.2361777381016843,0.015106149850220265,-0.0168475601391168
0.5323402303099316,0.525636101552978,-0.6627788786757405,0.8381525654489836,-1.9437975372478178,-0.23618796932249886,0.013794911353444388,-0.016192856247581204
0.5323028137367061,0.5261700170981136,-0.6637818235219601,0.83650006301517,-1.9439028046079416,-0.23618629617083364,0.013803811682945541,-0.01618540051173317
0.5306264935684473,0.522796972928206,-0.6432198215849878,0.8323011415554751,-1.9429513687706583,-0.2361720837317467,0.014996821120415496,-0.01622555955975942
0.5359214506077086,0.5275854316682027,-0.690838684769707,0.8507504994784076,-1.945374235231915,-0.23617032299413054,0.013719978023482425,-0.01629657626489147
0.533334690401376,0.5273774181970143,-0.6756482319461767,0.8401789060971652,-1.9433793496997138,-0.23617262160811947,0.01345956990093227,-0.016551293798273792
0.5323188424234333,0.5250957858280811,-0.6617997672660856,0.839901758459046,-1.9434013147736264,-0.2361906638767124,0.01506955093060493,-0.015781688859082363
0.5321490228239956,0.5255774216644413,-0.6612679607454632,0.8370252104549456,-1.9438447788407656,-0.23619471299827666,0.0150406301319869,-0.016032978325033854
0.5306359325705312,0.5224432014287537,-0.642140475541324,0.831804461788269,-1.9429522271731408,-0.23617953389116053,0.015002439437419498,-0.016149096109731496
0.5325037401398989,0.5253712779318196,-0.6627913986905609,0.8384604127430064,-1.9446482548195005,-0.23618277563676582,0.015023047612493616,-0.016581133139429848
0.532750970985707,0.527749799920004,-0.671069109806619,0.8384717460895876,-1.9446393738233567,-0.23617885874598432,0.015062984738419587,-0.01619788152409725
0.5360288000761537,0.5300015140657548,-0.6982797927322695,0.8523988084613832,-1.945055802867425,-0.23617226118119206,0.013882390394424456,-0.016145798999506182
0.5327221591806426,0.5270794781993473,-0.670940360108176,0.8413403905907408,-1.9430023129765654,-0.23618392350732087,0.015131243159663426,-0.016600066826481553
0.5303571852574,0.5210777145175545,-0.6372322995514494,0.8344802777151354,-1.9423905687895608,-0.23619426275918087,0.015013485344744917,-0.015798228044750288
0.5322976005059363,0.5240180074381984,-0.65744927197525,0.8365166878147088,-1.9443383462400057,-0.2362007374790771,0.013657227118339523,-0.01631976208120761
0.5328075735049147,0.5268784644544331,-0.6687949423568087,0.8359542512161209,-1.9443347336184882,-0.23618722298139172,0.013916864072121157,-0.016062986559586608
0.5326086382774751,0.5273799080397401,-0.6692698547685216,0.8385039115932269,-1.9440954337000695,-0.23618319611366445,0.013553982597206356,-0.01642812539660419
0.5322757549642896,0.5272513893094546,-0.6666976116926353,0.8394553060146164,-1.9441727141480571,-0.23618850571498662,0.015050166517131255,-0.01634099305610194
0.5337600662314372,0.5253425861291463,-0.6709467528685806,0.8469625791237343,-1.9438959969047271,-0.23618221807513873,0.01395879943061109,-0.016013782717460977
0.5329741266751853,0.525333114351552,-0.667228054133167,0.8413688100126384,-1.9435538842972813,-0.2362025945559898,0.013122239195224684,-0.016880231577817477
0.5323503359011994,0.5256353271937435,-0.6628832439201702,0.8381764969675478,-1.943768770808651,-0.23621265427829652,0.013815370699570756,-0.01617280207104639
0.5323095276884482,0.5261775506645723,-0.6638607900261055,0.8365185313629739,-1.9438900022366976,-0.23621093517484137,0.013797271372290528,-0.016192323647430878
0.5323373426007709,0.5264919177925842,-0.6646962742045419,0.8368724351064349,-1.943950035610663,-0.2362067388237037,0.015042580508780271,-0.016207237097513018
0.5304996791635537,0.5228328097367205,-0.6427746099624159,0.8331167095856724,-1.9429914387495248,-0.23619634341247675,0.013669890248675223,-0.016278391514760182
0.5358265169357717,0.5276130602919027,-0.6904532348894303,0.851232194163603,-1.9454319546044179,-0.23619726274008457,0.013730490719850701,-0.016285372156412965
0.5333036976249543,0.5274333775896363,-0.6755892817820648,0.8401171413620467,-1.943422629929736,-0.23619987638448237,0.013477657074739767,-0.016533320891576685
0.5323195442781907,0.5251329620502876,-0.6619714701931922,0.839785413152228,-1.9433778087725244,-0.2362175963914197,0.014203674100854432,-0.01579493371055147
0.5321329988954453,0.525654929319681,-0.6614289274701317,0.8369158392258775,-1.9438368870715275,-0.2362213623602809,0.015037858395339557,-0.016040858625939437
0.5306172049757505,0.522450101620155,-0.6421523231786121,0.8316785863842941,-1.9429066982285992,-0.23620629789775904,0.013770824107151806,-0.016178417166231633
0.5324865446322287,0.5253410631844977,-0.6627022669647786,0.8383348816790939,-1.9445839742841526,-0.23620991924805512,0.01336094012516853,-0.016609401979618937
0.5362953169662488,0.529903669405452,-0.699648035033249,0.8509195767390896,-1.9453193121627965,-0.2361948753641272,0.014143809322571208,-0.01587722447762762
0.5330326006540931,0.5274480062349554,-0.6738714420234819,0.841279326539139,-1.943097304584124,-0.23620304601004882,0.015132642418623755,-0.016727106849811813
0.530470040571422,0.5213223967619953,-0.6389747906838199,0.8353483532947763,-1.9423956655677284,-0.23621555743986455,0.014172370627592992,-0.015785232752334517
0.5323088201151611,0.5242045633015602,-0.6583076656613178,0.8371836477498809,-1.9443670977688408,-0.23622531033524652,0.01360480126488342,-0.016370669284156113
0.5328733887974471,0.526962721063172,-0.669287865929129,0.8361005268430022,-1.9443484145636916,-0.2362131214256662,0.013899990392528407,-0.016079218225651185
0.5326002904256084,0.5274882712197488,-0.6696170372480799,0.8384511625322952,-1.9440952491455272,-0.2362088256170507,0.013555806743016652,-0.016426341907452867
0.53229808416775,0.5273041264336182,-0.6670046323781058,0.8393874295943071,-1.94414063897249,-0.23621372428259502,0.015050532538401197,-0.016348431376083817
0.5338245481594424,0.5253371989845963,-0.6710828259846346,0.8468759967876096,-1.943885689165275,-0.2362074041496509,0.013962880289114462,-0.01601009298377595
0.5329392938690027,0.5253742090939282,-0.6672509517697298,0.8413180382470262,-1.9435471528279784,-0.23622753910939842,0.013110737940537093,-0.016892520054932837
0.5323781710099542,0.5256221748578911,-0.6629248028227357,0.8381175467103574,-1.9437583247722952,-0.23623749337311217,0.01381586174410376,-0.016172804000973394
0.5323153188088421,0.5261706898959195,-0.6638538373644138,0.8364737826079267,-1.9438845055688132,-0.23623564183366685,0.013800831224253563,-0.016189150075314466
0.5323467298620512,0.5264758977151773,-0.6646762174465461,0.8368393154281062,-1.9439488676327876,-0.2362313419755253,0.015042114697637988,-0.016204936978221163
0.5305080508950573,0.5228235032209332,-0.6427784459956696,0.8331172239912794,-1.9429930822952057,-0.2362209219746516,0.013676172466029255,-0.016272375611610684
0.5358199087298541,0.5276436592367677,-0.6903774209038644,0.8511808780335386,-1.9454671150073457,-0.23622161991037327,0.015005403266692835,-0.016262468603803683
0.5332736418689183,0.5274861426393551,-0.6754063022195425,0.8400239264343714,-1.9435045539500617,-0.2362241499105293,0.0151356714276368,-0.01650327745025232
0.5322733946942684,0.5251765008796694,-0.6616521277084217,0.8396796245995901,-1.9434527622050233,-0.2362418490607494,0.015075388244312288,-0.015831933625015032
0.5321152028126122,0.5256266331319734,-0.6611725759030591,0.836859438808899,-1.943865424785681,-0.23624575035265938,0.01504156778924548,-0.016032041124565764
0.5306135306052324,0.5224122092988113,-0.6419873936465539,0.831660560590791,-1.9429166431426719,-0.2362307049973431,0.013784638669182538,-0.016164938478654363
0.5324885594648983,0.5253155301355426,-0.6626380675627015,0.8383369762655271,-1.9445878752659986,-0.23623432039786252,0.013364170462225431,-0.016605862085548224
0.5362983013749654,0.5298853683003681,-0.6996071057700615,0.8509147932047858,-1.9453200613944723,-0.23621931638178317,0.014150875865212206,-0.015869768781137543
0.5330582529680035,0.5273635580275835,-0.6739275891687315,0.8413398219578836,-1.943030155028552,-0.2362277153728929,0.013247281994970415,-0.016768984837502682
0.5320388475796749,0.5246834667891083,-0.6588126369527494,0.8399950765645885,-1.9432989883488903,-0.23625002329161582,0.014270024202714542,-0.01573150929496521
0.530461014313901,0.5217221971920116,-0.6392268517582016,0.831695920082927,-1.942811720554758,-0.23624230364240884,0.013988953288342218,-0.01596273957469166
0.5325501954608027,0.5248899794814559,-0.6613369274259444,0.8367589320573909,-1.944511426017364,-0.23624060023165505,0.015017304963648842,-0.01648272489810577
0.5328065902193684,0.5274988924441342,-0.6706701755629183,0.8375272944906049,-1.9445221336430452,-0.23623104893943836,0.015059386288337953,-0.016160655493900337
0.5324837718907363,0.527729815710626,-0.6694676813967675,0.8394566113828459,-1.9442933099614557,-0.23623278584286567,0.015059479457198304,-0.016444436562276586
0.533937613474678,0.5256729179540249,-0.6728130676681241,0.8477655777287119,-1.9439459260778866,-0.23622743540853097,0.0138916411264243,-0.016077935194205282
0.5329512009257504,0.5255905035255575,-0.6680657856555552,0.8419953062626755,-1.9435942278137457,-0.23625070200147835,0.013057255866086255,-0.016942951090742377
0.5323762939583121,0.5257393084161004,-0.6632603326515154,0.8383030821231001,-1.9437784759309373,-0.23626225866900175,0.013808809929190353,-0.01617818703519889
0.5323089182372724,0.5262867739001456,-0.6640357731470949,0.8363522268521502,-1.9439104149876778,-0.23626023941888796,0.015041537069431683,-0.016167023481721308
0.5323706438251588,0.526522259429175,-0.6648589833508147,0.8366919153417607,-1.9439481737821431,-0.23625556502711742,0.015048065678501511,-0.016215980054154446
0.5304896549619373,0.5228896357185127,-0.6429924287712581,0.8330169193728016,-1.9429749635282647,-0.2362447668681824,0.013676411128983598,-0.016271835343211374
0.5358703441056276,0.5276093476292179,-0.6905954137834591,0.8511211599752198,-1.9454132447663834,-0.23624557361940468,0.013726587932187975,-0.016289604181820145
0.5333003802442837,0.5274833322889103,-0.6754991907725412,0.8400117251533867,-1.9434709082811406,-0.23624789747107044,0.015132713792008867,-0.016504392158298506
0.5322704591248,0.5251921109914335,-0.6617094650159245,0.8396739705158662,-1.9434370316949412,-0.23626540486573688,0.015074184645260953,-0.015829872429547462
0.5321367143836637,0.5255909806076353,-0.6612719447561357,0.8368902521867936,-1.9438150916149333,-0.23626930422804904,0.013937044170121106,-0.016054129499194107
0.5306032708252602,0.5224523972411808,-0.6419680345401391,0.8316639486871038,-1.9429335834787977,-0.23625395714912134,0.014996079089821354,-0.01614937847690481
0.5324706016651,0.52538688881776,-0.6626163801692924,0.8383268817235772,-1.944647452427274,-0.23625737971288263,0.015022598627114808,-0.01658060643501574
0.5362953924868501,0.529895638518636,-0.6995974295874836,0.8509380140618621,-1.945343843119125,-0.23624245225170437,0.014143515276296047,-0.015877832413624643
0.5330512802546794,0.5273533404872355,-0.6738551661752608,0.8413404797465756,-1.9430345196751846,-0.23625087079586304,0.013243418043871035,-0.016772729730319867
0.5320291178868546,0.5246683262334377,-0.6587094271558867,0.8400064688026756,-1.943297570501871,-0.23627312271960843,0.01426763789227196,-0.015733723408429406
0.5304500177503417,0.5217012051620049,-0.6391054757815704,0.8317137851469338,-1.9428118393443778,-0.23626530537940837,0.013992076148048732,-0.01595893538314903
0.5325463932817325,0.5248832847367675,-0.661306558058369,0.8368148272750906,-1.944515560553774,-0.23626360259880563,0.01501778035606757,-0.016489140744716316
0.5328029456110146,0.527500351996661,-0.6706638370181945,0.8375870737122808,-1.9445251530505283,-0.23625407203225457,0.015059307912084487,-0.016159267906562268
0.5324787534209152,0.5277302489711602,-0.6694479974371674,0.8395156313715395,-1.94429397803001,-0.23625584237870534,0.015059031430524795,-0.016443563273995196
0.5357361612817657,0.5295701775725945,-0.6951204307771128,0.8524871904833278,-1.9450489250458514,-0.23625429219922367,0.015035727609252997,-0.016034096555332604
0.5310023248735751,0.5230994625231116,-0.6484502052202812,0.8357973032319332,-1.9419485914400934,-0.23626009178179075,0.013489379718221249,-0.01648698900795857
0.5319789572303248,0.5233346559847591,-0.6542853081242157,0.8394819413754746,-1.943893610069635,-0.2362824388926903,0.013324662118571659,-0.0166576457439271
0.5324705172087505,0.5261006927217897,-0.6644486528660085,0.8355709334951946,-1.9442798637635779,-0.23627696033364476,0.015044659425515094,-0.015881945859990663
0.5325714441068587,0.5268081575871504,-0.6670746064880291,0.8366975454324059,-1.9440281525618133,-0.23626907918946216,0.013677468574235525,-0.01630826139572325
0.5305635076402826,0.5231842404657288,-0.6443960508085116,0.8337316514742197,-1.9430072358645685,-0.23625966045985614,0.013613612429679116,-0.01633326603446996
0.535878472983045,0.527823487718531,-0.6913677422428002,0.8517802363710638,-1.9454574595610978,-0.2362628928115722,0.01369024564720316,-0.01632303674013254
0.5333203953303549,0.5275614476156303,-0.6759930339712081,0.8402312992372956,-1.9434312646911431,-0.23626659870373956,0.013455322088838607,-0.016554406287949026
0.5323161905656288,0.5252367861401552,-0.6621738917666438,0.8396591689668007,-1.9433973419356398,-0.23628432330444227,0.01507441422448598,-0.015745105604064193
0.5321589954139556,0.5257129314401912,-0.661662947269055,0.8367600648975486,-1.94382151881854,-0.23628773006903891,0.015041980497250262,-0.016044603133844305
0.5306299958275078,0.5225524657875136,-0.6423742833868147,0.8315423968637035,-1.9429295366943071,-0.2362722180693746,0.015002750365516302,-0.016163319806037364
0.532508512100879,0.525401140651641,-0.6629712909480903,0.838270083060757,-1.944584540324735,-0.23627567085813794,0.013353366040005178,-0.016616468389385925
0.5363107429303433,0.5299333744348349,-0.699783835749547,0.850907531459864,-1.9453093755945554,-0.23626052223755867,0.014154371000212758,-0.015867165586477727
0.5330305440231946,0.527452087779456,-0.673841298695014,0.8412403645576259,-1.9430837280621205,-0.23626857405212665,0.01513282344823249,-0.01673696688380725
0.5320139295335888,0.5246959220058054,-0.6585897028531127,0.8398925903036183,-1.943315525732503,-0.23629068041750134,0.014215701947591655,-0.015785224482017177
0.5304311045230401,0.5217325762820781,-0.638951076301141,0.8316043323265632,-1.9428466822748476,-0.23628267437005945,0.014992429729600354,-0.015945774578775482
0.5325618126190106,0.524830417149059,-0.6613302870441355,0.8367719658167712,-1.9444862839807566,-0.23628117263590198,0.013468414124994655,-0.016505367082661836
0.5328279868362484,0.5274571688406207,-0.6707876334564347,0.8376125180626488,-1.9444660701412424,-0.23627156602922472,0.013810434352216112,-0.01616616405077055
0.5325066117827495,0.5276851205085702,-0.6696179828183588,0.8395860957876131,-1.9442211866095818,-0.23627330821722214,0.01351564431465866,-0.01646374098155332
0.5357417510161531,0.5295749648817214,-0.6951836154120157,0.8525476248413888,-1.9450520594409628,-0.23627155415262902,0.015027908970320332,-0.016024218671074383
0.5326034492508489,0.526611776933934,-0.6687763309549357,0.8406571874933437,-1.9429021099084558,-0.2362823792303983,0.013527005771148327,-0.016498013165821276
0.5302861097752531,0.5208750724882503,-0.6360433478821497,0.8337882228782458,-1.9423422734921552,-0.23628920222550942,0.01499967914016469,-0.015810429508226535
0.5322420350472505,0.5239454545905078,-0.6567403907248002,0.8362571758228698,-1.9443733290905243,-0.23629389400676093,0.01501921471162411,-0.016278178493969623
0.5327612809256959,0.5267989759359359,-0.6682346327281037,0.8359390355001697,-1.944379640702965,-0.23628062088348667,0.013926613632963079,-0.016054094104830115
0.5307569559578855,0.5234648730007576,-0.6463886495084612,0.8339127789769023,-1.9430965056875031,-0.2362681102134241,0.013516465588372611,-0.016426948576732006
0.53602284420211,0.5282212803813788,-0.6932785170095723,0.85287538410254,-1.9455808756614674,-0.23627174643043958,0.015003485135627711,-0.01636691823913887
0.533292661355441,0.5278574687006756,-0.6769311765998474,0.8409440601149791,-1.9435096614672789,-0.23627795891861858,0.01341231409116018,-0.016595247958570435
0.5323611438811451,0.5252891169637062,-0.6626562383494008,0.8400054780145707,-1.943395961934904,-0.23629748256703564,0.014291832709375379,-0.01570481387622097
0.5321755921593576,0.5257940107603813,-0.661985920257445,0.8368013453285155,-1.9438155927054366,-0.23630083962099668,0.015040616016608499,-0.01603805364093317
0.5323383402776161,0.5262272635010703,-0.6638652352617349,0.8361368359798949,-1.9438762091333865,-0.2362951548109482,0.01382140924271422,-0.01616972705862508
0.5305120140551587,0.5228441322058819,-0.6427956069632916,0.8324903985736993,-1.9429629688008303,-0.2362804741875486,0.014998188023613869,-0.01621803693484539
0.5359245032940372,0.5276246603078594,-0.6909229071553087,0.8513010425709826,-1.945416778563965,-0.23627912337713575,0.013722650367190014,-0.01629531317503502
0.5333023385372382,0.5273918935817363,-0.6753724472792504,0.8403221749212486,-1.9434191461103758,-0.2362819935753544,0.013507403800216294,-0.01650464709322786
0.5322634670112159,0.5251329556844162,-0.6615087289190535,0.8399581404352121,-1.9434439135088581,-0.23630004588319853,0.015073931035644339,-0.01574364581583378
0.5305036385489172,0.5220398492741118,-0.6405258927498334,0.8325040309248521,-1.9428699185168607,-0.2362937126260487,0.013916432544699937,-0.01603176729996329
0.5325571255426009,0.5250617845381242,-0.662071110535698,0.8375679154305935,-1.9445397963543476,-0.23629564287468874,0.013421245648665623,-0.016550076211606774
0.5328001593680245,0.5276723347432295,-0.6711424480037236,0.8378295458563754,-1.9445421700415864,-0.23628738831110319,0.015055991511204582,-0.01614442310306372
0.5324843409048317,0.5278627221888401,-0.6698125541460884,0.8394915574453785,-1.9442910808999523,-0.23628904184249144,0.015060459451532733,-0.016444596523975605
0.5357526492040243,0.5296225479328918,-0.6953568540230419,0.8524546495786067,-1.9450539928451214,-0.2362873814665809,0.013992059486185142,-0.01604254175319767
0.5326054300025884,0.5266495604767361,-0.6688317807237105,0.8405539594601104,-1.942877409983871,-0.23629788775017158,0.013520188989028029,-0.016504451582481906
0.5302976458864421,0.5209116417639184,-0.6361602613139059,0.8336857833753166,-1.9423297452068882,-0.23630445778945575,0.014999825968417427,-0.015800328758189503
0.5322493879324792,0.5239826268141918,-0.6568556969738646,0.8361687148220289,-1.9443643858051693,-0.23630893171828138,0.01501799788644241,-0.016283224567760043
0.5327608624929558,0.526827877054342,-0.6682920241507526,0.835872474808931,-1.9443727761913312,-0.2362955203734307,0.01392255328770135,-0.01605799513912471
0.5325342121844061,0.5274009377880216,-0.6687469412458062,0.8384137360535275,-1.9441821162328257,-0.23629190372660425,0.015049801539257304,-0.016381774565345966
0.5304480879416147,0.5233651900578122,-0.644113553041878,0.8347000759626821,-1.9431456569233223,-0.23628842745944478,0.013563587069203187,-0.01637890894949222
0.5357948062482274,0.5280301588942802,-0.6915278000311789,0.8522847483702032,-1.9455672245165765,-0.23629371206000993,0.013719097645634285,-0.016292536635412375
0.533282614282748,0.5278020475731688,-0.6762711044152381,0.840110847406609,-1.9435153877383904,-0.23629676237454778,0.015137340377502306,-0.016507145893677636
0.5322984610283319,0.5253495791248675,-0.6623543755420522,0.8395584983126954,-1.9433902810426966,-0.23631406602852945,0.014201881517248723,-0.015794489208137114
0.5321218905965468,0.5258068987282591,-0.6616896020807568,0.8366517876760788,-1.9438186817241414,-0.23631730880922408,0.015039249555113487,-0.016048158044513962
0.5305694436320376,0.522596604343943,-0.6421260270477145,0.8313220576845701,-1.9429251473768527,-0.2363015333540437,0.015002512329198432,-0.01617122180633851
0.5359294201622848,0.5276007121888489,-0.6907540555403147,0.8501560520726805,-1.9453569452883333,-0.23629588842605198,0.014999728540800408,-0.016254509432824405
0.5333159061580801,0.5274109638759734,-0.6753835889507736,0.8398617669573651,-1.9434160025091405,-0.2362966667193147,0.015134478698475066,-0.01649937392901199
0.5322615593543283,0.5250929654494758,-0.6614239800598805,0.8398790549974047,-1.9434067045197114,-0.23631460172848673,0.014152928555139211,-0.015844206523460847
0.5321016868451567,0.5255790963288716,-0.6609561825102652,0.8370444106560004,-1.9438720671950236,-0.2363187326243965,0.015037791661291443,-0.016017862172808515
0.5305435689755296,0.5224158763265381,-0.641585376245434,0.8317568411736378,-1.9429611707803627,-0.23630327288537156,0.015002533759276756,-0.016134776163854395
0.5325165049458667,0.5252896451649098,-0.6626101819711687,0.838561321530797,-1.9446239393951803,-0.2363067608325764,0.013369516673361096,-0.01659958686788625
0.5327001431704641,0.5278065796971756,-0.67100163920228,0.8386081312508704,-1.9446580923008936,-0.23630267847586595,0.015057761828992352,-0.016161879039979545
0.5360059975427269,0.5301104685535041,-0.6986024430135176,0.8527454416208506,-1.9450595792703744,-0.23629585845502543,0.01388317478348048,-0.016145010209204592
0.5327664633910558,0.5270757153002705,-0.6709327270325796,0.841472708571116,-1.9430276053523734,-0.2363079371418797,0.01513404187235864,-0.016580472511582144
0.5302685577128088,0.5210837789088725,-0.6369154184608767,0.8345263866892321,-1.9423472991077642,-0.23631834492847315,0.014179950529193651,-0.015778073064249675
0.5322631579579502,0.5240634670113096,-0.6572385412998161,0.8364692449266,-1.944372885307697,-0.23632463452432884,0.015014984788941808,-0.01629066139380989
0.5327873173231623,0.5268973402063386,-0.6686399962950125,0.8358755671263776,-1.9443628458664612,-0.23631106256664136,0.013915397003047753,-0.016064292272541424
0.5325720227806308,0.5274146597629459,-0.6691459952607355,0.8384484498761591,-1.9441120221834378,-0.23630699118877985,0.013565510501780348,-0.016416415303080124
0.5304754816782875,0.5234119427043034,-0.6444564425599255,0.8347665345746709,-1.9431047115143025,-0.23630304336058483,0.013561992216637443,-0.0163810603693725
0.5357900450850135,0.5281062438880246,-0.6916532685258803,0.8523694613681583,-1.945557243560403,-0.23630797666408654,0.015011275878977534,-0.016259165237313147
0.5332959633889995,0.5278032725906439,-0.6765213418046168,0.8402028700607875,-1.9434563825793898,-0.2363113040350946,0.013418399098249744,-0.01658922301881618
0.5323237330829844,0.5253368286748241,-0.6626311968984888,0.83965937256208,-1.9433687361714007,-0.2363284386694957,0.014276170785095748,-0.015720938494895267
0.5321243740439288,0.5258267652159478,-0.6618456954033798,0.8367517035849552,-1.9438169376448275,-0.2363314629377271,0.015038717130260577,-0.016049837226920806
0.530568256782832,0.5225560763296198,-0.6421362952683403,0.8314022250758644,-1.9428828349221083,-0.23631553357555557,0.01375742030951751,-0.016188913910987205
0.535946133827796,0.5276314111825826,-0.6909938899915256,0.8504258860054259,-1.9453557920868114,-0.23630962805512468,0.014995084181184504,-0.016259209847986643
0.5333397655138938,0.5273906305398572,-0.6756265158657397,0.8400850062764222,-1.9433617310445905,-0.23631059956490397,0.013465326272080188,-0.016547403888573273
0.5322676266656288,0.5251175691235765,-0.6615682049673994,0.8400482515234176,-1.9434213491589443,-0.23632858919950372,0.01507142202915697,-0.01575908499190598
0.5321232672330218,0.5255758358789837,-0.6611660236438093,0.8372190873537866,-1.943848727646218,-0.23633281705594378,0.013953162511942166,-0.01603813838129947
0.5305449958281558,0.5224423776724958,-0.6416794789061644,0.8318980333114228,-1.9429548911106735,-0.23631713816024824,0.014998191561593661,-0.01612923969240259
0.5324991888222934,0.5253841594682989,-0.6626614561521729,0.8386764114339398,-1.9446842533139588,-0.23632037612775658,0.015025066841200207,-0.016578512375892196
0.5326888134561116,0.5278390772529047,-0.6709991910125277,0.8386971814931838,-1.9446969078951515,-0.23631642569994682,0.015065559996103265,-0.0161769522100463
0.5360015033255117,0.5301245455256574,-0.6986044426505957,0.852864457453796,-1.9450869708590197,-0.2363095660797523,0.013893567085960304,-0.016135153359361686
0.5327467248696252,0.5270991098927142,-0.67092672722712,0.8415406715506109,-1.9430290306252607,-0.23632167977476826,0.015134219930723319,-0.016584912270797433
0.5302784077474794,0.5210876092522456,-0.6368173769906829,0.834558143885415,-1.9424065431801623,-0.23633210356930334,0.015015315411491243,-0.015769151948269267
0.5322437357006642,0.5240386585512873,-0.6572293985813893,0.8365601177829767,-1.944356808582067,-0.23633859730175644,0.01366276118406475,-0.016314065928299534
0.5328132981706624,0.5269145514484856,-0.6686318565013778,0.8359246826742055,-1.9443876764195789,-0.23632480251151833,0.015048919595287598,-0.016030603657503476
0.532528432267755,0.5274956876691048,-0.6690532658849104,0.8384817965219717,-1.944187859728487,-0.23632057523613703,0.015054456064692003,-0.01639451054020466
0.5304696631160795,0.5234197740482456,-0.6444203457650097,0.8348075141268021,-1.9431259413761737,-0.2363168096002628,0.01355415816084821,-0.0163880437357449
0.5358084910200596,0.5280978772054681,-0.691670801299578,0.8524170425783231,-1.9455752150517007,-0.2363217288817001,0.015005028313591762,-0.016253543599460716
0.5332551630466895,0.5278878513507026,-0.6764694149037851,0.8402109141496226,-1.9435304133504312,-0.23632490752078006,0.015142731770512851,-0.016552492236472892
0.5322943152918747,0.525384960467747,-0.6624350386334825,0.839627382957266,-1.9434363000010784,-0.23634204204086195,0.015082661999488926,-0.01577138186493749
0.5321318336785232,0.5257735520865152,-0.6617625855597762,0.8367996810049974,-1.9438024369872204,-0.23634533458018758,0.013920498036094306,-0.01606907241657364
0.5305680811760967,0.5225306985201339,-0.6420813728290149,0.831471394814967,-1.9428751188758495,-0.23632937493792028,0.013768393680959508,-0.01617794146849514
0.5359589189663998,0.5275754884697568,-0.6910188887693813,0.850483530254805,-1.9453237157598187,-0.2363236502898003,0.013743951711650621,-0.016275140103949474
0.5333307472889901,0.5274352092116006,-0.675592418543431,0.8401272860263509,-1.9434031478971132,-0.23632446159237652,0.015129873568200156,-0.016508396312830548
0.5322524410288301,0.5251369387844411,-0.6614671303834463,0.8400665829417546,-1.943442590758516,-0.23634248029472538,0.01507344805140955,-0.015820565767706823
0.5321018702704254,0.5255858928185111,-0.6609635954504238,0.8372052875053999,-1.9438896986693637,-0.23634668522084645,0.015041458702984411,-0.01601634505386037
0.5305631517897238,0.5223720367324285,-0.6416582100763186,0.8319328821430663,-1.9429313440050189,-0.2363313102051201,0.013806303639603881,-0.016141805361746798
0.532510662373678,0.5253471699441903,-0.6626336781302236,0.8386904689621222,-1.9446651059170321,-0.23633437659265866,0.01501739641590876,-0.01657965194479048
0.5327157119337915,0.5277740404964568,-0.6710760803514972,0.8387528342855184,-1.9446436317699867,-0.23633048439698978,0.013768849973231936,-0.01620375359564915
0.536006391961088,0.5300993707148098,-0.6985886636926768,0.8528691570707565,-1.9450583292598518,-0.23632357953517769,0.013901912349572063,-0.016126374762466398
0.5327666277125118,0.5270673589903332,-0.670913989310459,0.841586547598788,-1.9430345297809746,-0.23633571454045565,0.015133652966508138,-0.016592937789340633
0.5302714787984986,0.5210797464932675,-0.6369197470608867,0.834635247421283,-1.9423574662641352,-0.236346181737769,0.014179649505633964,-0.015778663925157796
0.5322681348780947,0.52406114657449,-0.6572574305615211,0.8365539343264015,-1.9443828570063548,-0.23635246427841494,0.015013712978442086,-0.016292407232967914
0.5327916037784792,0.5268949163596357,-0.668655078506684,0.8359509930648841,-1.9443718140442483,-0.2363388958776662,0.013914000585116446,-0.016065895839071434
0.532574743211784,0.5274081199086975,-0.6691373928336715,0.8385128561448383,-1.9441195552647903,-0.23633484239777047,0.013564234623506933,-0.016417820605599424
0.5304622516988511,0.5234581095618909,-0.6444019015614355,0.8348079536955195,-1.9431595689453172,-0.23633081415023316,0.015005517137122816,-0.016365055879803858
0.5357893657559689,0.5281109121426599,-0.6916432336592058,0.8523756644758302,-1.9455854225396747,-0.23633589491877505,0.015009838791815227,-0.016251739186042766
0.5332784468780503,0.5278655919653179,-0.6764670166391502,0.8401827321122228,-1.9435344558487113,-0.23633909834006506,0.01514284825959224,-0.01655756547343881
0.5322880943989325,0.5253871501927438,-0.6624226949321477,0.8396086154498432,-1.9434388351503689,-0.23635617832035027,0.01508242611439137,-0.015772444044193614
0.5321323114564054,0.5257683087727845,-0.6617598523523638,0.8367841108234257,-1.9438032257796465,-0.236359465270513,0.013918897081101025,-0.016070782388446843
0.532284658026704,0.5262084219471967,-0.6635247119530634,0.8361626469938885,-1.9438880769827414,-0.2363541245109433,0.013820137788969978,-0.016170460805343508
0.5304323972937226,0.5227983244024204,-0.6422377745083683,0.8323959685652698,-1.9429717638139117,-0.23633937270968808,0.014995838450172456,-0.016225976460948466
0.5358924009111812,0.5277064558589544,-0.6909822605654679,0.8514958528737759,-1.9454806006723242,-0.2363377514105247,0.015008924932075306,-0.01626759445770419
0.5332671470056232,0.5275360554477642,-0.6755400085771406,0.8403329502044219,-1.9435130147113586,-0.23634066150874933,0.015137204096897406,-0.01650374359330156
0.5322378852858884,0.5251718685680276,-0.6615659855451597,0.8400011120484496,-1.9434442140122767,-0.23635896576537352,0.014169032200347417,-0.015827707264670105
0.5304516711414733,0.522040512737969,-0.6403381915202466,0.8324510693303644,-1.942859799835488,-0.23635250967779786,0.013899372360086149,-0.016048417483359296
0.532520004778049,0.5250705131907756,-0.6619256642885523,0.8375897154194352,-1.9445431690360895,-0.23635455349461498,0.013416549545287568,-0.01655421988688458
0.5327762015726867,0.5277057146123534,-0.6711131010624927,0.8378337764524106,-1.9445511902028763,-0.23634625967563672,0.015054785900001862,-0.016156110012066224
0.5360329172134781,0.5300755256984884,-0.698593609870545,0.8524783902566666,-1.9450450256406917,-0.23633759401801235,0.01503170890643115,-0.016131417055495617
0.5327902754896892,0.5269644338662838,-0.6709740020663082,0.8415690177285526,-1.9429337172848609,-0.23634989759766434,0.013376293817533845,-0.016644666185069913
0.5303140936343054,0.5210510409152578,-0.6370217207705045,0.8346461250049337,-1.9423721229170514,-0.23636047883465672,0.015006572305497248,-0.01574452609728528
0.5322570473429229,0.5240824937066089,-0.6574033954097667,0.8366113715232153,-1.944385317032192,-0.23636660487016137,0.015016658013894985,-0.016306266450437992
0.5328429364799865,0.5268746283401899,-0.6688156596712487,0.8360387968385918,-1.9443629375494513,-0.23635291858576668,0.013905624590121703,-0.016074501823627282
0.5325430542575473,0.5274765411172666,-0.6691451142914238,0.8386195837717132,-1.9441730872793368,-0.23634858313648532,0.015048836424001986,-0.016390849110720904
0.5304811854916851,0.5234020943370306,-0.6444814159083148,0.8349649378521455,-1.9431226134166124,-0.23634486103396224,0.01355280357877901,-0.016389985899210084
0.5358151932814978,0.5280804276532587,-0.6916837871445081,0.8525340585689758,-1.9455782606744165,-0.23634978626970415,0.015010095721676994,-0.01625336035993346
0.5332632072952537,0.5278739819364828,-0.6764957529760762,0.840351503734861,-1.9435347167145478,-0.23635300305669205,0.01514369952312394,-0.016556293037477673
0.5323145645451417,0.5253415835924953,-0.6624951267323729,0.8397865307018018,-1.9434030401900202,-0.23637014943839318,0.01420499091420626,-0.015790611258846576
0.5321349567183846,0.5257459907289679,-0.661729927201196,0.8369200511347854,-1.9437954404377713,-0.23637344150497164,0.01392457356592568,-0.01606563612132573
0.5322646159587308,0.526234222251599,-0.6634109831581414,0.8362379732628229,-1.943929338209185,-0.23636798746842835,0.015042240654209005,-0.016147493405115714
0.5304476776673344,0.5227452319915793,-0.6422642613590472,0.8324998755195603,-1.9429508680040541,-0.23635351444285035,0.013705329049911312,-0.0162404038372169
0.5359122696343448,0.5276404765591494,-0.6909925742942464,0.8515627557833199,-1.945439470824967,-0.23635190485937674,0.01373029424524114,-0.01628744581884806
0.5332722566774812,0.5275182022330052,-0.6755439952340945,0.8404337516605356,-1.9434986222422683,-0.23635474402278422,0.015134360922610723,-0.016493036784658778
0.532244065072323,0.5251648208928454,-0.6615703459636952,0.8400789461893705,-1.943441967941121,-0.23637306938828306,0.014170540733435063,-0.015826420146856757
0.5321057660711173,0.52562244549864,-0.6612125342377215,0.8371670606961548,-1.9438498013434033,-0.236377074325838,0.01394796686305454,-0.016043150738365493
0.5305480422386593,0.5224595134408538,-0.6416735339302555,0.83184584894639,-1.94295894651854,-0.23636141213377915,0.014997543589193908,-0.016141738069916176
0.532433830763626,0.5254143491938841,-0.6624729349282559,0.8385786437980691,-1.9446864936733625,-0.23636490683895595,0.015025042253409945,-0.0165707923527511
0.5362855321455218,0.5299940819074997,-0.6997670376262546,0.8513277196523781,-1.9454126097035322,-0.23634974583346047,0.015029411720989939,-0.015857553618803158
0.5330082303019719,0.5274840735038113,-0.6738188482328713,0.8415162886163596,-1.943144419014435,-0.2363583900153392,0.015138722299031359,-0.016716124450198353
0.5304153548951849,0.5213319354504193,-0.63860676341924,0.8354810143542988,-1.942453214482624,-0.23637108239524718,0.015022873915029697,-0.01576077793636963
0.5322695818262595,0.5242642277485539,-0.6581198520222751,0.8373290689453556,-1.944445396097981,-0.2363807332490575,0.015019602440723884,-0.016327882346355092
0.5328374179384721,0.5270314508847127,-0.6691592038264824,0.8362114756662304,-1.9444302508596953,-0.2363684538913775,0.01505719372627182,-0.016059519563585437
0.5325799304315062,0.5275141501739391,-0.6695384474810959,0.8385880867077784,-1.944134186527692,-0.23636428840230916,0.013554354292822077,-0.01642623179731407
0.5322808552976888,0.5273257311720947,-0.6669556232914697,0.8395313256012704,-1.944162158952559,-0.23636924707822438,0.015050929230731262,-0.01634013578860987
0.533803733581637,0.5253855087866572,-0.6710481753182274,0.8470683994183981,-1.9439282631651364,-0.23636267775579878,0.014965771559074019,-0.016000512862504167
0.53292488720626,0.525407734634908,-0.6672912998241385,0.8414929056534968,-1.943574515919586,-0.23638305465073994,0.013122090257718325,-0.016879842273715653
0.5323520660234209,0.525687944206493,-0.6628916636565174,0.8382490039034431,-1.943810556083915,-0.23639297808674709,0.015029437166698873,-0.016153349918231467
0.5322871891539815,0.5262460206269193,-0.6638096940983118,0.836577596276407,-1.9439535066190352,-0.2363910912967615,0.015047016582632751,-0.016166719511347093
0.5323474461066526,0.5264652418993592,-0.664745257389896,0.8369965056645805,-1.9439360953111482,-0.23638703156416696,0.013758603772362673,-0.016230994346739525
0.5304755954673999,0.5228739806733618,-0.6426686018591781,0.8332187332821812,-1.9430265720046096,-0.23637626356053953,0.014997320562028578,-0.016251741225151883
0.5358179971366797,0.5276793812960596,-0.6905012798446499,0.8514136666167023,-1.9454922294902017,-0.23637706137231973,0.01500964323762101,-0.016259800171363505
0.5332934311033712,0.5274565787504928,-0.675602071940828,0.8402460403791059,-1.9434529658612032,-0.23637980815462,0.013468800598919752,-0.01654148790045342
0.5322947670690406,0.5251700821507814,-0.6618841756380984,0.8399000819211659,-1.9434259631202186,-0.23639756006457446,0.015072942661706737,-0.01577040247153886
0.5321403834182545,0.5256291325638829,-0.6614757814310925,0.8370865325225489,-1.9438216124865475,-0.23640150195981136,0.013933060287678076,-0.016057950001417173
0.5306107128352666,0.5224476033133367,-0.6421273329396913,0.8318431921097522,-1.942900490019988,-0.23638627663885092,0.013780725190288529,-0.016167980943981863
0.5324833361943133,0.5253543054688148,-0.6627400364158804,0.8385256633164699,-1.9445899820644703,-0.23638993112756612,0.013359432098216207,-0.01661051398300826
0.5362888614732686,0.529954897939354,-0.699703378473175,0.8511249871726143,-1.9453510613681058,-0.2363748424522436,0.015023255636962822,-0.01585608116544379
0.5330542292327518,0.5274003344566633,-0.6740060652352877,0.8414872325911844,-1.9430484273588533,-0.23638332602293577,0.013246736171838833,-0.016770021335009055
0.5304852510535962,0.5213192015540793,-0.6391344427222139,0.8355426457714898,-1.9423794049111462,-0.23639587550431518,0.014236788531281042,-0.015721034466886163
0.5323059375144146,0.5242961587470312,-0.6584840270939489,0.8373476564334652,-1.944409223606157,-0.23640535465925172,0.01501607516085022,-0.016344807851696713
0.5328718404952397,0.5270133584282171,-0.6694193042258201,0.8362540364464959,-1.9443726805544985,-0.2363932282472856,0.013883685920470198,-0.016095308798290964
0.5325963103982634,0.5275180219586648,-0.6696748480737531,0.8385947646200016,-1.9441085962369087,-0.23638898757130988,0.013556516019245766,-0.01642549622625407
0.5322936872288953,0.5273233709670775,-0.6670285751558298,0.8395144492455602,-1.9441502047346155,-0.23639387298760273,0.015050962917379167,-0.016346213755577294
0.5338113898602508,0.5253825316520198,-0.6710590143294137,0.8469969021171844,-1.9439241452704286,-0.23638735468261451,0.014966482355889328,-0.015998539166586376
0.5329353603271763,0.5253962158020853,-0.6672850894032143,0.8414334050058638,-1.9435699066373608,-0.23640756423228293,0.01310985572755178,-0.01689365205318672
0.5323741324295579,0.5256376319980998,-0.6629443873975012,0.8382338083100258,-1.943771661953713,-0.23641752912875003,0.0138179696075038,-0.016170629995711724
0.5323111436771732,0.5261827852065402,-0.6638641607250708,0.836586508521254,-1.9438950177859624,-0.23641566667877,0.013802809997415575,-0.016187128220013454
0.5323430288070119,0.5264849822363322,-0.6646784388093234,0.8369487602159644,-1.9439579538959437,-0.23641135790847834,0.015042346220929115,-0.01620307720881379
0.530483974238952,0.522873128060751,-0.6426837695938952,0.8331893331470068,-1.943045042323333,-0.23640079912626355,0.015003469505440806,-0.016257833720516195
0.5358305278421422,0.5276201408358618,-0.6904575687486734,0.8513142957899698,-1.9454637126726952,-0.2364017616480485,0.013740998308376547,-0.01627515746110165
0.5333024069922043,0.5274325748473503,-0.6755570218459166,0.8401989095967108,-1.9434393996131858,-0.23640444832204288,0.01347942568859063,-0.016531658418198363
0.5323153556044264,0.5251248039712726,-0.6618937995142815,0.8398610735275449,-1.9433892209338577,-0.23642217954435374,0.014208981984552168,-0.01578956724319712
0.5321481337307574,0.5256071706581382,-0.6614431266893606,0.8370254965181285,-1.9438093185844494,-0.2364261000662431,0.013933487382397608,-0.016058059820568536
0.5306060577269047,0.522485926125464,-0.6420923162656447,0.8317677825667378,-1.9429413564190856,-0.23641085325146616,0.01499759328181236,-0.01615443256608328
0.5324871070022024,0.5253529064301148,-0.6627251461713088,0.8384124226016407,-1.9446068953451459,-0.23641460289627503,0.013362960076641318,-0.016607003077720738
0.536296978632441,0.5299037146603549,-0.6996295535883208,0.8509772538687459,-1.94533068545248,-0.23639964913102496,0.014154663968756271,-0.015866626572987083
0.53303047783489,0.5274435911122923,-0.6738163841675728,0.8413183464388103,-1.9431056950222594,-0.23640784951903804,0.015133115148602824,-0.0167268345181753
0.5320166733147662,0.5246941476502665,-0.6585980265483897,0.8399523123106603,-1.9433312489119858,-0.23643013498261212,0.01421636813484162,-0.01578470376202041
0.5304411105551781,0.5217456338690472,-0.6390496052567425,0.8316618305023171,-1.9428604462721992,-0.23642233290985715,0.014993752886400525,-0.015950064786532662
0.532564327513942,0.524826293561337,-0.6613191209395142,0.836767053200286,-1.9444903233344206,-0.23642091970135404,0.013472845540888644,-0.016500874040876877
0.5328321768676121,0.5274451870280759,-0.6707618238131063,0.8375890886283877,-1.9444702078621283,-0.2364113771820433,0.013810555022989267,-0.016166008955121963
0.5325142830388971,0.5276762043481362,-0.6696233917495134,0.8395480359233716,-1.944225978936844,-0.23641314384057832,0.013515587015545453,-0.016463834493835358
0.5339314490442648,0.5257096437254507,-0.6728188366514951,0.8477971468696195,-1.9439561226950222,-0.23640762259869064,0.01496235092031942,-0.01606094705406691
0.5329239765103511,0.5256798472318325,-0.667992338567247,0.8419449406886717,-1.9436760151802606,-0.2364307599970754,0.015114297902319457,-0.01689422269657035
0.5323705583596423,0.5257473307782847,-0.6631849756318058,0.8382547293761817,-1.9438113483547284,-0.2364425147323086,0.01378626062346429,-0.016200580014469397
0.5323079076873993,0.5262778927231011,-0.6639706046965044,0.8362970419827906,-1.9439217249675425,-0.2364405234592617,0.015041548100724706,-0.016160408498794944
0.5323733844567542,0.52651225112829,-0.6648240014065996,0.8366386949087516,-1.9439528220764304,-0.2364357878763368,0.015047802223984299,-0.016213987819175817
0.5304938149291694,0.5228836612076071,-0.6429843888808247,0.8329846426332717,-1.9429782711301335,-0.23642494378359835,0.0136780054726225,-0.016270190709144407
0.5358590966170134,0.5276439641003492,-0.6905232022810042,0.8510597001597144,-1.9454485470999794,-0.2364255808669462,0.015003560105687715,-0.016269613219785997
0.533317929199951,0.5274289460067472,-0.6755582875883102,0.840009373920771,-1.9434327146246053,-0.23642810361328337,0.013457944755240703,-0.016552565175626015
0.532303087829531,0.5251330290272058,-0.6618710500678793,0.8397197248768888,-1.943383220273228,-0.23644567273383466,0.014206133016114043,-0.015792204293837916
0.5321287589444754,0.5256370335291658,-0.6613262582809964,0.8368803920018912,-1.9438358298850158,-0.23644936274390638,0.015036431088859397,-0.01603798888446666
0.5305970005137537,0.5224729815816085,-0.6419845903862011,0.8316412972223173,-1.9429485834172784,-0.23643409680314864,0.015001888125268788,-0.016157950540005822
0.5324867652345331,0.5253493618244409,-0.6627177482319562,0.838355929639345,-1.9446071874957713,-0.23643779471275383,0.013360881348748788,-0.016609056824756566
0.5363032903962139,0.5299129661848996,-0.6997020259412237,0.8509788278624741,-1.945327799246007,-0.23642275775629784,0.014160058868784287,-0.015861098279972164
0.53305417932315,0.5273790212615905,-0.6739326306418452,0.8413648556636817,-1.9430313465241387,-0.23643114588931624,0.01324156875852209,-0.01677561114563966
0.5320310897506442,0.5246840707372682,-0.6587464638843175,0.8400178718089508,-1.9432984042847465,-0.2364534379350367,0.014274392497142668,-0.01572749054986192
0.5304554846820446,0.5217208468428716,-0.6391720220123824,0.8317161242810185,-1.9428136583326996,-0.23644566325612093,0.013990657624079176,-0.015960494980545054
0.532551527796592,0.5249041762422619,-0.6613790624678098,0.8368082584017662,-1.9445171203880678,-0.23644392292495464,0.015016634324593431,-0.016484799593689082
0.5328056956322484,0.5275158548901855,-0.6707094735620247,0.8375786957658571,-1.9445266282084326,-0.23643436318005673,0.015059567092869406,-0.016159582311822213
0.5324999951243292,0.5276862676432721,-0.6695407168376315,0.8395398252901662,-1.9442439684990065,-0.23643626856463928,0.013509457126066937,-0.016469648213032137
0.5357392872911557,0.5295666334254312,-0.695123046165973,0.852482844166567,-1.945051264396838,-0.23643456054678413,0.015028183685266962,-0.016021186117675938
0.5326067949410955,0.5266102374563619,-0.6687795950465096,0.8406174821520436,-1.942908298760635,-0.23644527888351252,0.013529219497598017,-0.016495606204450543
0.5302887545776134,0.5208761349813296,-0.6360583774162416,0.8337715640475016,-1.9423455836992094,-0.23645201640505764,0.01499965458023441,-0.015811079655283663
0.5322404214175895,0.5239407954910513,-0.6567134278969995,0.8362484077609595,-1.9443769884032243,-0.23645671250249212,0.015018964268112882,-0.016285710890113634
0.5327439369818041,0.5268334786740896,-0.6681484338113162,0.8359002931554658,-1.9444215058673997,-0.23644337395136095,0.015054377720932963,-0.01603261529899446
0.5307318782065966,0.5235155087181305,-0.6462571408337423,0.8338486824828175,-1.9431622139604388,-0.23643077937533352,0.015010962026332472,-0.016418252538808714
0.5360178073310182,0.5282238553923859,-0.6932439303481726,0.8528492622519366,-1.9456095127665618,-0.23643458665186845,0.01500938805672386,-0.016361711905645004
0.5332690066112038,0.5279122143035897,-0.6768283314024774,0.8408754279881876,-1.9435809159140547,-0.2364406764261373,0.015145407818761902,-0.016552629917754406
0.5323192107356887,0.5253377654027132,-0.6624207179570991,0.8399230511639644,-1.9434604229448276,-0.23646015291857392,0.015085066879337385,-0.015759320414746186
0.5321751677217375,0.5257338179340838,-0.6618597872836078,0.8368055796900409,-1.9437985960353092,-0.23646375146670007,0.013935525054182309,-0.016053670939905475
0.5306537973636711,0.522548681616775,-0.6425977445837852,0.8315342903149103,-1.9428660069456019,-0.2364476586951536,0.013780688050837264,-0.01616696041568752
0.5325039017252742,0.5254864897731704,-0.6630846971875224,0.8382946641895881,-1.9446025417360069,-0.23645041843841064,0.015017268856316195,-0.016598651335772832
0.5362970434579921,0.5299930805898931,-0.6998208470805105,0.850998483964374,-1.945345153829603,-0.23643534262562316,0.015027539254620019,-0.015866820650718143
0.5330299372753338,0.5274547083891585,-0.6738016566552334,0.8412626453341705,-1.9431052343066249,-0.2364435209607736,0.01513749987528332,-0.01673522773538014
0.5319903491197984,0.5247326944449515,-0.6584983759926875,0.8398976051504636,-1.9433563968024385,-0.23646554985105173,0.015072397598854132,-0.01576289738562079
0.5304387797368681,0.5217020707895283,-0.6389597851857616,0.8316542969538396,-1.942828021773689,-0.23645747040946752,0.014000809897455387,-0.0159504398063354
0.5325486823005017,0.52489115934981,-0.6613202002705725,0.8368534668046053,-1.9445255202041931,-0.23645552342527765,0.015016300684431504,-0.016485509081940443
0.5328025496195066,0.527517229317322,-0.6707116161562174,0.8376748706804094,-1.9445313631915324,-0.23644588238361575,0.015058471978261368,-0.01615612262633899
0.5324731116204662,0.5277452807817573,-0.6694679194692101,0.839627577156417,-1.9442999443098703,-0.23644765257039868,0.015058389637369284,-0.01644121385643208
0.535753220253155,0.5295539189755978,-0.6952535113529494,0.8526903927220566,-1.9450517493383241,-0.23644610393204957,0.013989845409772064,-0.01604469076534828
0.5326042703329934,0.5266115218445515,-0.6688135308712528,0.840775314333376,-1.9428985108797212,-0.23645689443344597,0.013529040625151539,-0.016494465307032226
0.5302902477163203,0.5208301878233463,-0.6360285271623205,0.8339196330912326,-1.94230654139405,-0.236463686254198,0.014143551651718347,-0.01581592027023824
0.5322369654888242,0.523931865808164,-0.6567041634529946,0.8363945256018983,-1.9443640607593542,-0.23646834764184188,0.015016798601071798,-0.01628630477690298
0.5327400003512377,0.5268384262095127,-0.6681629676838838,0.8360301118770801,-1.944418921286795,-0.23645499777849466,0.015054092699441895,-0.01603127178907697
0.5307245861374259,0.5235169343856123,-0.6462347599650737,0.8339613688444301,-1.943161109862535,-0.23644239056102023,0.015010807792192129,-0.01641706624615394
0.5360335831153842,0.5281904720823052,-0.6933542400791488,0.8530202594707923,-1.945575727488868,-0.23644632657883946,0.013628961550552245,-0.016380551249328426
0.5332991087292802,0.5278575883752943,-0.677001647439317,0.841075207108342,-1.9434994370298275,-0.2364525577129193,0.013421328766991267,-0.01658526383634377
0.5323659055768095,0.5252929653698901,-0.6627198780335242,0.8401285483689653,-1.943390699382606,-0.23647206984209745,0.0142927626949383,-0.01570320125121842
0.5321741674407701,0.5257928350455918,-0.6619898440792769,0.8369083251494871,-1.943814518448038,-0.23647541541798844,0.015039861280839369,-0.016034309730808476
0.5323191640149103,0.5262680950771239,-0.6637965015887728,0.8361980444057693,-1.943918363765028,-0.23646961848588433,0.01504969465376205,-0.016148967511672257
0.530523212252958,0.5227923419700504,-0.6428034709249619,0.8325790624235516,-1.9429351093324616,-0.2364551317983219,0.013709853355367141,-0.016236618803467908
0.5359288462911413,0.5276126015676148,-0.6909363189890723,0.8514023380373059,-1.9454055946498734,-0.23645364457068752,0.013720814556743864,-0.016297062166705165
0.5332831465839183,0.5274528723445231,-0.6753265463492877,0.8403749464648822,-1.9434745215732612,-0.23645634098219404,0.015132227637179849,-0.016467900766611046
0.5322552212374374,0.5251281112133732,-0.6614456355644318,0.840035313436859,-1.943437084107459,-0.236474445258402,0.014175846975354569,-0.015821038822079726
0.5304773205945068,0.5220610881574999,-0.6403645754731802,0.8325424869071192,-1.9429048304056113,-0.23646803532225036,0.014996012341352914,-0.016019679897297173
0.5325443132012548,0.5250397116924024,-0.6619323517687814,0.8375932013922451,-1.944554874143754,-0.23647009221134851,0.013425398589915379,-0.01654565669049882
0.5327947446315751,0.5276483807531127,-0.6710506696154734,0.8378564467041754,-1.944547679879844,-0.23646184464975306,0.015055682151082259,-0.016141822318835684
0.5325033954796972,0.5277968685782808,-0.6698587647512131,0.839566523902163,-1.9442425065381288,-0.23646361998606835,0.01350630318862565,-0.01647172848239136
0.5357560068597103,0.5296126928682066,-0.6953993956257882,0.8525189113407183,-1.9450558468031804,-0.23646183761252715,0.013998126385379188,-0.01603634922034399
